"sample","B cell","Macrophage M1","Macrophage M2","Monocyte","Neutrophil","NK cell","T cell CD4+ (non-regulatory)","T cell CD8+","T cell regulatory (Tregs)","Myeloid dendritic cell","uncharacterized cell"
"TCGA-CS-5396-01A-02R-1470-07",0.0806312833499341,0,0.0219994385364528,0.00209101321200612,0.0111045645188864,0.117084483021723,0,0,0.0445736154835353,0.152096840339979,0.570418761537483
"TCGA-CS-6668-01A-11R-1896-07",0.078879723862445,0,0,0.111845913983088,0,0.106152865153721,0,0,0.0248575456738359,0.0475047296640343,0.630759221662877
"TCGA-DB-5274-01A-01R-1470-07",0.0396384545905651,0,0.0118886902413374,0.110692289440608,0,0.0724001392631706,0,0,0.0160878981171686,0.0468960709076899,0.702396457439461
"TCGA-DB-5278-01A-01R-1470-07",0.0508518635387575,0,0,0.113213618354897,0,0.197598364314562,0,0,0,0.170589410660536,0.467746743131248
"TCGA-DB-5279-01A-03R-2347-07",0.0287392959447945,0,0,0.097680037472348,0,0.165883352256525,0,0,0,0.11956383130846,0.588133483017872
"TCGA-DB-A4XG-01A-11R-A27Q-07",0.0564893261035663,0,0,0.0679993856101075,0,0.170254858233147,0,0,0.0249068630639132,0.136796643307669,0.543552923681597
"TCGA-DB-A4XH-01A-11R-A27Q-07",0.0442005396049494,0,0,0.142793563618921,0,0.197306085956572,0,0,0.00429466515793836,0.116103866247635,0.495301279413984
"TCGA-DB-A64L-01A-11R-A29R-07",0.0527269762451063,0,0,0.224088908948469,0,0.146650368970717,0,0,0.00765963070455393,0.0637780174342065,0.505096097696947
"TCGA-DB-A64P-01A-11R-A29R-07",0.0415994534110603,0,0.00204907468696856,0.0652966503101459,0,0.114835884637112,0,0,0.022467540828209,0.191056883052717,0.562694513073787
"TCGA-DB-A64Q-01A-11R-A29R-07",0.0393197478712444,0,0,0.051388634911603,0,0.1798583287994,0,0,0,0.205222244928449,0.524211043489304
"TCGA-DB-A64R-01A-11R-A29R-07",0.0491508247748358,0,0,0.0980045239976368,0,0.171806259816724,0,0,0.0229274903890361,0.126142681518113,0.531968219503654
"TCGA-DB-A64U-01A-11R-A29R-07",0.0400409056988144,0,0,0.0785148269686769,0,0.171775940092106,0,0,0.00585317435563235,0.208844186381507,0.494970966503264
"TCGA-DB-A64V-01A-11R-A29R-07",0.0287424205390484,0,0.0282258046816262,0.1215813280351,0,0.119941877660044,0,0,0,0.176039503803026,0.525469065281156
"TCGA-DB-A64W-01A-11R-A29R-07",0.0623073641115549,0,0,0.22707281509788,0,0.146657664959968,0,0,0.0561641953100022,0.0582342140728144,0.449563746447781
"TCGA-DB-A75K-01A-11R-A32Q-07",0.0266942754094047,0.0019657677770484,0,0.119665612623813,0,0.153524900967275,0,0,0.0227141475858709,0.113501912925941,0.561933382710647
"TCGA-DH-5141-01A-01R-1470-07",0.0350101820593924,0,0.00986694279274867,0.0312738603567664,0,0.134151175971411,0,0,0,0.178341454708919,0.611356384110762
"TCGA-DH-5144-01A-01R-1470-07",0.0544861265771656,0,0.00438802786400524,0.0342176738944095,0,0.10290964177782,0,0,0.0139535240182986,0.152612588412861,0.637432417455441
"TCGA-DH-A66F-01A-11R-A29R-07",0.0260468194248098,0,0.000588039528697873,0.0203683763081454,0,0.154993198155569,0,0,0,0.186816464981,0.611187101601777
"TCGA-DH-A7UR-01A-11R-A33Z-07",0.0470426852507099,0,0.0165577660938033,0.00328685579019274,0,0.123293650823257,0,0,0.0358202617138214,0.240317628561414,0.533681151766801
"TCGA-DU-5849-01A-11R-1708-07",0.0409317450777,0,0,0.283225302753791,0,0.164535843279627,0,0,0.00656160830664604,0.0791900500968088,0.425555450485428
"TCGA-DU-5874-01A-11R-1708-07",0.0621987002509301,0,0.0024259723224786,0.0558811938747151,0,0.106352394988044,0,0,0.0379904819214372,0.11591135534182,0.619239901300575
"TCGA-DU-6394-01A-11R-1708-07",0.0494438805308728,0.0145351032704833,0.000977920909348944,0.0123307246259399,0,0.0961894562660641,0,0,0.0379133006839607,0.171841738728969,0.616767874984361
"TCGA-DU-6410-01A-11R-1896-07",0.0739154178453053,0,0,0.127563537396002,0,0.144991327683021,0,0,0.0358544990201145,0.0633283813554814,0.554346836700075
"TCGA-DU-7009-01A-11R-2027-07",0.0519987352000487,0,0,0.134705800820956,0,0.160755774411143,0,0,0.0107995117236231,0.144090184992199,0.49764999285203
"TCGA-DU-7018-01A-11R-2027-07",0.0558346081540421,0,0,0.0138228027980875,0,0.136385612572645,0,0,0.0532129086495753,0.183152681894699,0.557591385930951
"TCGA-DU-7294-01A-11R-2027-07",0.0549937041511032,0,0,0.0721980759326539,0,0.153109815324316,0,0,0.0225538446106865,0.170096141230147,0.527048418751094
"TCGA-DU-7300-01A-21R-2090-07",0.0571999171309261,0,0,0.272006127919962,0,0.154204836600792,0,0,0.00635743217777117,0.0886366984785138,0.421594987692035
"TCGA-DU-7302-01A-11R-2090-07",0.0702216551131858,0,0,0.300839336521793,0,0.165657689934325,0,0,0.02867342606203,0.0574084508790981,0.377199441489568
"TCGA-DU-8164-01A-11R-2256-07",0.0646985018440862,0,0,0.0857737688905137,0,0.168053825838149,0,0,0.013968174315225,0.18782783582265,0.479677893289376
"TCGA-DU-8168-01A-11R-2256-07",0.0653273899052439,0,0,0.0925452604707369,0,0.135256443174431,0,0,0.0664928542049523,0.120711024479966,0.51966702776467
"TCGA-DU-A6S2-01A-21R-A32Q-07",0.057547314643831,0,0,0.345799154450741,0,0.204093208102632,0,0,0.025279511771665,0.00463080031162994,0.362650010719501
"TCGA-DU-A6S3-01A-12R-A32Q-07",0.0445158855901353,0,0,0.211242086747657,0,0.160513862243905,0,0,0.017382116266,0.0518402132197498,0.514505835932553
"TCGA-DU-A6S6-01A-21R-A32Q-07",0.0471648643582004,0,0,0.269614105234964,0,0.253795003651627,0,0,0,0.0668059667289283,0.36262006002628
"TCGA-DU-A6S8-01A-12R-A32Q-07",0.0453053308321696,0,0,0.108642490017431,0,0.0999773595633066,0,0,0.0407116795675738,0.060842112879258,0.644521027140261
"TCGA-DU-A76R-01A-11R-A32Q-07",0.037466632439003,0,0.023607630524148,0.043628920815,0,0.184056303677908,0,0,0,0.177092891657275,0.534147620886666
"TCGA-DU-A7T6-01A-11R-A33Z-07",0.025519696187832,0,0,0.0905974232767028,0,0.138989057287578,0.1208325294056,0,0.0398600531111567,0.142566512345397,0.441634728385733
"TCGA-E1-5318-01A-01R-1470-07",0.0668742640301254,0,0.0283138527699746,0,0,0.109278427305179,0,0,0.0392016640260906,0.192353988712742,0.563977803155888
"TCGA-E1-5319-01A-01R-1896-07",0.0427380790024978,0,0.0185588870622382,0.101495272112191,0,0.115572361874071,0,0,0,0.164416150613277,0.557219249335726
"TCGA-E1-A7YO-01A-11R-A34F-07",0.0567894740284922,0,0,0.127795699236971,0,0.148628508214109,0,0,0.0210206447833999,0.123326374049948,0.52243929968708
"TCGA-EZ-7264-01A-11R-2027-07",0.0645910522053258,0,0,0.108321095246366,0,0.126573181400508,0,0,0.0111831302728089,0.0806794140267819,0.60865212684821
"TCGA-F6-A8O3-01A-11R-A36H-07",0.0508364899207817,0,0,0.0353593747532594,0,0.142667145917086,0,0,0.0246393419599512,0.198155899865279,0.548341747583643
"TCGA-FG-7634-01A-11R-2090-07",0.0487506226779574,0,0.0408238073169893,0.064099434802326,0,0.142176003796273,0,0,0.010668771207689,0.202744618715836,0.490736741482929
"TCGA-FG-7638-01B-12R-2090-07",0.0322065256079924,0,0,0.0695350836043362,0,0.201335470915049,0,0,0,0.258639998237184,0.438282921635438
"TCGA-FG-7641-01B-11R-2256-07",0.0631800427231346,0,0,0.230634932628088,0,0.178960045004417,0,0,0.00557535981894218,0.0973591858802328,0.424290433945186
"TCGA-FG-8186-01A-11R-2256-07",0.0352911841822265,0,0,0.178342013859163,0,0.172124759563576,0,0,0,0.164162906628842,0.450079135766193
"TCGA-FG-8187-01A-11R-2256-07",0.0299698589368273,0,0,0.158919146042009,0,0.197179757995298,0,0,0,0.131893529817567,0.482037707208298
"TCGA-FG-A60K-01A-11R-A29R-07",0.0372966321558413,0,0,0.0654145074346846,0,0.20097648611142,0,0,0,0.186284352914135,0.510028021383919
"TCGA-FG-A710-01A-12R-A33Z-07",0.0425129386372578,0.0090845283092615,0.0171189806153462,0.129215533225922,0,0.15696509185233,0,0,0.00178162404127433,0.190139802921559,0.453181500397049
"TCGA-FG-A713-01A-11R-A32Q-07",0.0584072687813758,0,0,0.483307430771879,0,0.231445686369138,0,0,0.00491363623011958,0,0.221925977847488
"TCGA-HT-7480-01A-11R-2090-07",0.0461788533112356,0,0,0.138382195277068,0,0.182252005120378,0,0,0.0138078838974302,0.149004767295316,0.470374295098571
"TCGA-HT-7481-01A-11R-2027-07",0.0532678328742016,0,0,0.188371105840299,0,0.165363892223746,0,0,0.0161553589374921,0.144750427264491,0.43209138285977
"TCGA-HT-7605-01A-11R-2090-07",0.0457524639404201,0,0,0.203545061163754,0,0.192979444979959,0,0,0,0.139158451968658,0.41856457794721
"TCGA-HT-7607-01A-11R-2090-07",0.0662554778347957,0,0,0.442243033656335,0,0.203669854729079,0,0,0,0.0452365345976474,0.242595099182143
"TCGA-HT-7616-01A-11R-2256-07",0.044306557753939,0.0199111339734996,0.0769868406460147,0,0,0.0987110002301813,0,0,0.0305552777386644,0.152449396589232,0.577079793068469
"TCGA-HT-7620-01A-11R-2256-07",0.0444939910509252,0,0,0.216160050702572,0,0.114207128089421,0,0,0.0114298811319245,0.114671755125974,0.499037193899184
"TCGA-HT-7677-01A-11R-2256-07",0.040235394829226,0,0,0.045330000752425,0,0.143781857114898,0,0,0.012524181935691,0.207198590555617,0.550929974812143
"TCGA-HT-7681-01A-11R-2403-07",0.0432812381475281,0,0,0.137834932489818,0,0.210477394791366,0,0,0,0.18327873630723,0.425127698264058
"TCGA-HT-7687-01A-11R-2256-07",0.0619520226663951,0,0,0.147447022659138,0,0.170598056427747,0,0,0.0476526610449202,0.117298493560196,0.455051743641603
"TCGA-HT-7692-01A-12R-2256-07",0.0273172381515194,0,0,0.0842820219076412,0,0.18018242579674,0,0,0.0356697319244974,0.147161989405565,0.525386592814037
"TCGA-HT-7694-01A-11R-2256-07",0.0727906647190247,0,0,0.462446541625234,0,0.183024944135188,0,0,9.36478472838002e-06,0.0107426993432211,0.270985785392603
"TCGA-HT-7695-01A-11R-2256-07",0.0676148212488777,0,0,0.235442408928525,0,0.196242421168309,0,0,0,0.135036176539992,0.365664172114296
"TCGA-HT-7856-01A-11R-2403-07",0.0593855492537403,0,0,0.4314768878674,0,0.251383855507916,0,0,0.0147389698000672,0.00910762827813796,0.233907109292739
"TCGA-HT-7874-01A-11R-2403-07",0.0692328433697095,0,0,0.46289303619883,0,0.209863053744734,0,0,0.00184304048198482,0.00632700619897171,0.249841020005771
"TCGA-HT-7875-01A-11R-2403-07",0.0428526660844721,0,0,0.064000695159919,0,0.203750192167814,0,0,0,0.189131174335106,0.50026527225269
"TCGA-HT-7877-01A-11R-2403-07",0.0492860877336556,0,0,0.19212969793011,0,0.232836848501222,0,0,0,0.114241604849849,0.411505760985163
"TCGA-HT-8010-01A-11R-2403-07",0.0407256159572505,0,0,0.150530932576456,0,0.247971340275517,0,0,0,0.147859729604475,0.412912381586302
"TCGA-HT-8105-01A-11R-2404-07",0.0570633620913933,0,0,0.188705468366985,0,0.148575211221065,0,0,0.0459425445614535,0.0726576561131023,0.487055757646001
"TCGA-HT-8109-01A-11R-2404-07",0.059018728959672,0,0,0.265431154730119,0,0.195871257815691,0,0,0.0087869877551764,0.122071813035753,0.348820057703588
"TCGA-HT-A4DV-01A-11R-A26U-07",0.0398587452882538,0,0,0.212085116780004,0,0.178235398416042,0,0,0,0.126545805317645,0.443274934198056
"TCGA-HT-A5R9-01A-11R-A28M-07",0.0438829636144211,0,0,0.0988194915380614,0,0.102457385674818,0,0,0.0490675344395956,0.0969679978055683,0.608804626927536
"TCGA-HT-A619-01A-11R-A29R-07",0.0528194596708196,0,0,0.117661966701336,0,0.105933564624606,0,0,0.0575965403236665,0.0824193488980667,0.583569119781505
"TCGA-HT-A74K-01A-11R-A32Q-07",0.0384142076461079,0,0.0204044149440944,0.132325543989922,0,0.0979852849867591,0,0,0.00181068538893325,0.0679802847227652,0.641079578321418
"TCGA-HW-7486-01A-11R-2027-07",0.0416180996361794,0,0,0.23030661052011,0,0.14093773018799,0,0,0.00110394699607807,0.157534713312173,0.42849889934747
"TCGA-HW-7487-01A-11R-2027-07",0.0682983264827561,0,0,0.329052235918479,0,0.182680370665324,0,0,0.0183291786830726,0.0350363304993834,0.366603557750984
"TCGA-HW-7491-01A-11R-2027-07",0.0421399880118843,0,0,0.0615799227427492,0,0.127836697341978,0,0,0.0362218265464355,0.159872208868051,0.572349356488902
"TCGA-HW-7495-01A-11R-2027-07",0.0477770877404455,0,0,0.296041715805431,0,0.221103463422787,0,0,0,0.0897219416803993,0.345355791350937
"TCGA-HW-8322-01A-11R-2404-07",0.055238721169468,0,0,0.103891061736899,0,0.144245673508615,0,0,0.0215331825190229,0.112971586011326,0.562119775054669
"TCGA-HW-A5KJ-01A-12R-A27Q-07",0.0271870749908465,0,0,0.143051924816662,0,0.132269283022462,0,0,0.061814780561423,0.106531039302124,0.529145897306483
"TCGA-IK-8125-01A-11R-2256-07",0.0516130384104046,0,0,0.125770519088218,0,0.173288585499167,0,0,0.0109132016982665,0.193764208971594,0.444650446332351
"TCGA-P5-A5ET-01A-11R-A27Q-07",0.027734670215284,0,0,0.0525322352157989,0,0.216101231079537,0,0,0,0.206597430032417,0.497034433456963
"TCGA-P5-A5EX-01A-12R-A28M-07",0.0205802934560053,0.0103467278498014,0.0809782465372484,0,0,0.0777541624183558,0,0,0,0.173416036237679,0.63692453350091
"TCGA-P5-A5F0-01A-11R-A28M-07",0.0569748426211941,0,0,0.24216608785816,0,0.204460893508661,0,0,0.0285299454815454,0.103830592491331,0.364037638039108
"TCGA-P5-A737-01A-11R-A32Q-07",0.0398453743582688,0,0,0.0507573075202918,0,0.172180743238638,0,0,0.0244583433725711,0.162032889885981,0.550725341624249
"TCGA-P5-A77W-01A-11R-A32Q-07",0.0513365141378837,0,0,0.080891548225655,0,0.0749816963392418,0,0,0.0325403655132551,0.0994666165419227,0.660783259242042
"TCGA-P5-A77X-01A-11R-A32Q-07",0.042984565617684,0,0,0.0576427912439597,0,0.229514820021298,0,0,0,0.192637548300223,0.477220274816835
"TCGA-QH-A65R-01A-21R-A31N-07",0.0356860224527706,0,0,0.169261448327773,0,0.140641894800918,0,0,0.0323563514211488,0.0540935646755926,0.567960718321797
"TCGA-QH-A65X-01A-11R-A32Q-07",0.0327572912930586,0,0,0.0772241237694766,0,0.118503732431174,0,0,0.00211775914221481,0.128771085589517,0.640626007774559
"TCGA-QH-A65Z-01A-11R-A29R-07",0.037592324104474,0,0,0.0457405290038158,0,0.150760086469827,0,0,0.000510422808219745,0.174399541979247,0.590997095634416
"TCGA-QH-A6CU-01A-11R-A31N-07",0.0107565415009515,0,0.00268581590677192,0.140035758267358,0,0.184973359030394,0,0,0,0.115375037040589,0.546173488253936
"TCGA-QH-A6CY-01A-11R-A32Q-07",0.0546873522068145,0,0,0.246636067009325,0,0.188963216188701,0,0,0.000633445740669649,0.100412372931796,0.408667545922694
"TCGA-QH-A6CZ-01A-11R-A32Q-07",0.0578954109480851,0,0,0.154718165900523,0,0.174662826980118,0,0,0,0.114869417111684,0.497854179059589
"TCGA-QH-A6X5-01A-12R-A32Q-07",0.0295684962263386,0,0,0.0993005683268013,0,0.177490565367328,0,0,0,0.189515089539156,0.504125280540377
"TCGA-QH-A6X8-01A-12R-A32Q-07",0.0567593187740495,0,0,0.15128357368998,0,0.127629940135636,0,0,0.0239276329707572,0.0980377453110056,0.542361789118572
"TCGA-QH-A86X-01A-11R-A36H-07",0.0482706702958092,0,0,0.0769150647419571,0,0.176905180332451,0,0,0.00537194657350214,0.187421429074619,0.505115708981662
"TCGA-R8-A6MK-01A-11R-A32Q-07",0.029561405601047,0,0.0109876132022798,0.0267237037494019,0,0.160333734437348,0,0,0,0.189788859620201,0.582604683389722
"TCGA-R8-A6ML-01A-11R-A32Q-07",0.0313742452019527,0,0,0.00409361567636802,0,0.190741703628137,0,0,0,0.19884466736682,0.574945768126722
"TCGA-R8-A6MO-01A-11R-A33Z-07",0.0421934139896512,0,0,0.150309236137383,0,0.133203009603687,0,0,0.00347926967219458,0.099200074159109,0.571614996437976
"TCGA-RY-A83X-01A-11R-A36H-07",0.0289555777797689,0,0,0.0685725123942491,0,0.193778742436721,0,0,0,0.22733157637576,0.481361591013501
"TCGA-RY-A847-01A-11R-A36H-07",0.0513421866710532,0,0,0.17322755555649,0,0.187544648249492,0,0,0,0.130110754616126,0.457774854906839
"TCGA-S9-A6TW-01A-12R-A32Q-07",0.0347188104264731,0,0.0111630068739859,0.026472255290377,0,0.101825440213149,0,0,0.0357189474039401,0.217515550703605,0.572585989088469
"TCGA-S9-A6U2-01A-21R-A33Z-07",0.0382913864924556,0,0.00851193419581174,0.0271665623302206,0,0.178185088346343,0,0,0,0.213588372733959,0.53425665590121
"TCGA-S9-A6UB-01A-21R-A33Z-07",0.0407190712141906,0,0,0.105760278267149,0,0.130036891290753,0,0,0.0270333144355937,0.111674740957191,0.584775703835123
"TCGA-S9-A6WE-01A-12R-A33Z-07",0.0433447741690004,0,0,0.0670774219768079,0,0.140845331010633,0,0,0.0257172844770737,0.143587747472705,0.57942744089378
"TCGA-S9-A6WL-01A-21R-A33Z-07",0.0539040250650617,0,0,0.133930537846767,0,0.155223770866479,0,0,0.0438753803100632,0.15343267029071,0.459633615620919
"TCGA-S9-A6WN-01A-12R-A33Z-07",0.00591231917984528,0.00217736393744501,0.153535542706464,0.131438227472546,0,0.114762099496873,0,0,0.0215011606373062,0.22549450669773,0.34517877987179
"TCGA-S9-A6WP-01A-12R-A34F-07",0.0533719080858475,0,0.00200923654384714,0.159813964279118,0,0.124665695736093,0,0,0.0187746664000111,0.118966848686841,0.522397680268242
"TCGA-S9-A7IQ-01A-21R-A34F-07",0.069771656837075,0,0,0.495913381029327,0,0.230933209216979,0,0,0,0,0.203381752916619
"TCGA-S9-A7IY-01A-11R-A34F-07",0.0244134852862345,0,0.0392383031902782,0.0123899528556121,0,0.157068989072137,0,0,0,0.210194244637971,0.556695024957767
"TCGA-S9-A7J2-01A-11R-A34F-07",0.0483708895801203,0,0,0.0714936811657083,0,0.159139724607559,0,0,0.00620682071509887,0.151471197158581,0.563317686772933
"TCGA-S9-A7QY-01A-11R-A34F-07",0.0360455001386318,0,0,0.195743346740927,0,0.158021771246681,0,0,0.0067051405049102,0.0858570103582939,0.517627231010556
"TCGA-S9-A7QZ-01A-12R-A34R-07",0.0606827078013777,0,0,0.178360847995907,0,0.170070168987972,0,0,0.0201548216864585,0.0523897492107677,0.518341704317517
"TCGA-S9-A7R1-01A-12R-A34R-07",0.0530902361946191,0,0,0.181944695859488,0,0.155225033844352,0,0,0.0244665016672426,0.0672218300683921,0.518051702365906
"TCGA-TM-A84G-01A-11R-A36H-07",0.0455468446021836,0,0,0.0494804540652672,0,0.12897725949398,0,0,0.0407451386588835,0.158147616488569,0.577102686691117
"TCGA-TM-A84M-01A-11R-A36H-07",0.0454625988839764,0,0,0.014195446525327,0,0.155150018326124,0,0,0.0771059277317151,0.209652060693581,0.498433947839277
"TCGA-TM-A84R-01A-21R-A36H-07",0.0789417198472146,0,0,0.477521328489231,0,0.199452005834062,0,0,0.00908961613923365,0,0.234995329690259
"TCGA-TM-A84S-01A-11R-A36H-07",0.0164637290423677,0,0,0,0,0.237293788797104,0,0,0,0.2772765714846,0.468965910675929
"TCGA-TQ-A7RS-01A-12R-A33Z-07",0.039881417405603,0,0,0.107331412155556,0,0.146238916570999,0,0,0.0162734590999635,0.109903246164815,0.580371548603064
"TCGA-VM-A8CB-01A-11R-A36H-07",0.0433333695949159,0,0,0.113037956022906,0,0.100754830260824,0,0,0.0401944541950045,0.0339108746536454,0.668768515272704
"TCGA-VM-A8CE-01A-11R-A36H-07",0.0286632573101957,0,0,0.0676310764488659,0,0.179263611879272,0,0,0,0.241588988811004,0.482853065550662
"TCGA-VV-A829-01A-21R-A36H-07",0.0498519953796046,0,0.00428940305482974,0.109145958130265,0,0.115663667790281,0,0,0.037376465578213,0.0710291063427245,0.612643403724082
"TCGA-VW-A7QS-01A-12R-A33Z-07",0.0326860083226225,0,0,0.0955066532480158,0,0.09425554655259,0,0,0.0362486363441201,0.0820996397767849,0.659203515755867
"TCGA-W9-A837-01A-11R-A36H-07",0.0467566803715682,0,0,0.198990679786109,0,0.216550774788167,0,0,0,0.108923104349457,0.428778760704699
