"","Myeloid","Glioma","Oligo","Pericytes","TCells","Endo"
"TCGA-CS-5396-01A-02R-1470-07",3.8383356014834e-06,0.666946191268567,0.269143811962687,0.022670865171876,6.51986731269717e-05,0.0411700945881422
"TCGA-CS-6668-01A-11R-1896-07",0.000762778141867486,0.911949869757477,0.0535662007479407,0.00610829657365138,7.20028571176812e-06,0.0276056544933512
"TCGA-DB-5274-01A-01R-1470-07",0.0402154393383076,0.514961702600519,0.0438836020278983,0.0334713985701015,0.219274351088077,0.148193506375096
"TCGA-DB-5278-01A-01R-1470-07",0.00281106882469054,0.60378358182316,0.26980046178341,0.0578215208694686,3.04736100644541e-09,0.0657833636519105
"TCGA-DB-5279-01A-03R-2347-07",0.00237836625358415,0.546048922859091,0.233996984201303,0.0589601494083599,0.000137935795279251,0.158477641482382
"TCGA-DB-A4XG-01A-11R-A27Q-07",0.000332785742117573,0.863933134193951,0.059850159240214,0.0149712406448473,0.000237052014661478,0.0606756281642087
"TCGA-DB-A4XH-01A-11R-A27Q-07",0.00152599095090316,0.507394708888394,0.369450609498166,0.0203813081284793,1.44866806199803e-08,0.101247368047377
"TCGA-DB-A64L-01A-11R-A29R-07",0.0278473913942532,0.656022247104367,0.201675342970632,0.0240125453488281,0.000876942969643955,0.089565530212276
"TCGA-DB-A64P-01A-11R-A29R-07",0.0170911588340616,0.561615823092348,0.271671289919501,0.0376884552077801,1.70932774244248e-08,0.111933255853031
"TCGA-DB-A64Q-01A-11R-A29R-07",0.00275313262500723,0.615389895652072,0.266999994746381,0.0569124903331079,2.8076022083602e-07,0.0579442058832116
"TCGA-DB-A64R-01A-11R-A29R-07",0.00204204204653732,0.866048281711701,0.0742383135125788,0.0139340646340789,4.98811131874526e-05,0.0436874169819166
"TCGA-DB-A64U-01A-11R-A29R-07",0.00176021335428051,0.297568485404677,0.638183858718696,0.00629384026198986,2.18414652396312e-07,0.056193383845704
"TCGA-DB-A64V-01A-11R-A29R-07",0.0983225948005581,0.084442046336292,0.671813681695291,0.0530372958940784,0.000929990213492105,0.0914543910602881
"TCGA-DB-A64W-01A-11R-A29R-07",8.1913300642835e-08,0.81864625485973,0.123964530851509,0.00796352179894192,2.28944643742655e-08,0.0494255876820541
"TCGA-DB-A75K-01A-11R-A32Q-07",0.0324771751527756,0.3890390317041,0.38960991626554,0.0279494494629762,0.000545450520565879,0.160378976894043
"TCGA-DH-5141-01A-01R-1470-07",0.0184413158291256,0.501858516018293,0.313290739443854,0.0605176095240114,2.87669298330203e-08,0.105891790417786
"TCGA-DH-5144-01A-01R-1470-07",2.13285145278802e-07,0.897909006242235,0.0385280380005609,0.00673722070979325,5.43229654816529e-08,0.0568254674393005
"TCGA-DH-A66F-01A-11R-A29R-07",1.38828963498646e-07,0.550790067166606,0.301365758027902,0.0653779541398674,4.13278943976567e-08,0.0824660405087668
"TCGA-DH-A7UR-01A-11R-A33Z-07",0.00462650905317418,0.715498785851406,0.0726309943145731,0.0341136571060336,0.000806858156833138,0.17232319551798
"TCGA-DU-5849-01A-11R-1708-07",0.0104751292997313,0.38381748812752,0.475886423850948,0.052500577141455,0.000444771036137423,0.0768756105442083
"TCGA-DU-5874-01A-11R-1708-07",0.00147628009178046,0.907406866027964,0.017830270388366,0.0132391238958577,0.000410799915025838,0.0596366596810056
"TCGA-DU-6394-01A-11R-1708-07",0.000775388424829342,0.736937892066757,0.150278849212643,0.0258786421360225,1.36516695351215e-07,0.0861290916430532
"TCGA-DU-6410-01A-11R-1896-07",3.35321189734345e-06,0.944221090110833,0.0180087023908178,0.00197322212684182,2.54625210617504e-05,0.0357681696385479
"TCGA-DU-7009-01A-11R-2027-07",0.00181662350332909,0.5910444835618,0.344278382152686,0.00868366996955312,1.07890911494399e-06,0.0541757619035167
"TCGA-DU-7018-01A-11R-2027-07",0.000299346160819662,0.882907193232347,0.0147538290246836,0.00994813559066491,2.13088119071209e-07,0.092091282903366
"TCGA-DU-7294-01A-11R-2027-07",0.00130414783361497,0.771822466596915,0.147214693093458,0.0100542907556088,3.60055245168299e-07,0.0696040416651583
"TCGA-DU-7300-01A-21R-2090-07",0.018097167059454,0.527134909988594,0.350162354527627,0.0224830278177794,0.00119720305417436,0.0809253375523708
"TCGA-DU-7302-01A-11R-2090-07",0.00305477430615817,0.709539315666312,0.214749750346685,0.0196764529956134,2.84696293870069e-09,0.0529797038382682
"TCGA-DU-8164-01A-11R-2256-07",0.000695025334738584,0.860670910882202,0.0879733408248998,0.0115137817641109,7.35207202723467e-09,0.0391469338419764
"TCGA-DU-8168-01A-11R-2256-07",2.85924401104187e-08,0.926545265660022,0.0351427131430921,0.0144319556149087,4.27314028912858e-06,0.0238757638492483
"TCGA-DU-A6S2-01A-21R-A32Q-07",0.00208080015698767,0.375536958947841,0.522064049960414,0.0201407831991165,0.000587753873679406,0.079589653861962
"TCGA-DU-A6S3-01A-12R-A32Q-07",0.00069464107099881,0.761250716129716,0.176245494748963,0.00757077036810845,0.000287624698390394,0.0539507529838231
"TCGA-DU-A6S6-01A-21R-A32Q-07",0.00116007939850473,0.717681946041847,0.199826458071841,0.0226557819860495,9.79080855436305e-10,0.0586757335226775
"TCGA-DU-A6S8-01A-12R-A32Q-07",1.57691164910663e-06,0.8234595310625,0.122634669949856,0.0102292051424548,5.69637068273848e-08,0.0436749599698331
"TCGA-DU-A76R-01A-11R-A32Q-07",0.00323422701429312,0.541063624135005,0.25725869684871,0.0840989790447161,3.8403067182845e-08,0.114344434554209
"TCGA-DU-A7T6-01A-11R-A33Z-07",0.0112982912321841,0.685644788172145,0.200408585140766,0.0181798751056101,0.00105210718500043,0.0834163531642946
"TCGA-E1-5318-01A-01R-1470-07",0.011373141511472,0.73626071051642,0.0272229245073306,0.0225173577772797,5.31193087095726e-08,0.202625812568189
"TCGA-E1-5319-01A-01R-1896-07",0.00193131644916807,0.201135362891839,0.633968997111519,0.0524025686762009,0.000204068952045059,0.110357685919228
"TCGA-E1-A7YO-01A-11R-A34F-07",1.28451716883522e-08,0.710879471325325,0.128563075558304,0.031319009293409,2.54906184919374e-08,0.129238405487172
"TCGA-EZ-7264-01A-11R-2027-07",0.00124339015723334,0.853668178247963,0.105045268169262,0.0115361160108446,1.19911600053481e-08,0.028507035423537
"TCGA-F6-A8O3-01A-11R-A36H-07",0.00102826687259077,0.901194160340558,0.0378435451774978,0.00846428300092179,1.23899023354555e-07,0.0514696207094084
"TCGA-FG-7634-01A-11R-2090-07",0.0479980919854169,0.402774515549745,0.39394865843702,0.0422086253737696,0.000567800240966441,0.112502308413082
"TCGA-FG-7638-01B-12R-2090-07",0.00659283644278534,0.493116948415244,0.320460439734291,0.0929162657371116,1.36517115313649e-08,0.0869134960188566
"TCGA-FG-7641-01B-11R-2256-07",0.00101436577471527,0.465947723292623,0.459384175896738,0.0430453059901093,5.25271889574394e-08,0.0306083765186252
"TCGA-FG-8186-01A-11R-2256-07",0.0525140866664759,0.510704223205251,0.279122586938819,0.0618509151783981,0.000533525445986911,0.0952746625650694
"TCGA-FG-8187-01A-11R-2256-07",0.027704110798648,0.00515391312074582,0.875888600232311,0.0153589726537243,4.14981466851563e-07,0.0758939882131038
"TCGA-FG-A60K-01A-11R-A29R-07",0.0106394197359271,0.644610025166317,0.200204802322676,0.068301107257045,5.07082978116788e-09,0.0762446404472045
"TCGA-FG-A710-01A-12R-A33Z-07",0.0768442739578884,0.579866938261271,0.181644426743554,0.0626727870021807,0.00104269383371592,0.0979288802013908
"TCGA-FG-A713-01A-11R-A32Q-07",0.00189664820190071,0.277899784448775,0.654925177100239,0.0059426747465983,2.58591029760818e-08,0.0593356896433836
"TCGA-HT-7480-01A-11R-2090-07",0.00154148707383865,0.686445894383511,0.213107451401123,0.0259081996409816,1.66267664150061e-08,0.0729969508737794
"TCGA-HT-7481-01A-11R-2027-07",0.00143747548455096,0.126966861775701,0.797473419779913,0.00964764555120068,0.000713900604780949,0.0637606968038526
"TCGA-HT-7605-01A-11R-2090-07",0.00263752494817068,0.305754523474442,0.560113710601253,0.0677523752167369,7.37757680105144e-08,0.0637417919836301
"TCGA-HT-7607-01A-11R-2090-07",0.00476063255600999,0.334695713342182,0.551888032619382,0.0334706340646083,0.00021054531322414,0.0749744421045932
"TCGA-HT-7616-01A-11R-2256-07",0.054903074601916,0.427762458836627,0.255189870645272,0.0600986699273463,5.77377705253547e-06,0.202040152211785
"TCGA-HT-7620-01A-11R-2256-07",8.03258178184913e-08,4.94579524388008e-05,0.946144607915146,0.00632660179649495,1.24292822290253e-07,0.0474791277172802
"TCGA-HT-7677-01A-11R-2256-07",0.00150117364472533,0.674935440093132,0.258334804542035,0.00875055361510519,4.4732938423543e-09,0.0564780236317088
"TCGA-HT-7681-01A-11R-2403-07",0.0251408108170084,0.489216364136611,0.319681028547912,0.0848936933919691,0.00107552414608092,0.0799925789604187
"TCGA-HT-7687-01A-11R-2256-07",0.00207289281336594,0.769009454411291,0.140714844809004,0.0190526809999723,0.000663003130545205,0.0684871238358216
"TCGA-HT-7692-01A-12R-2256-07",0.0185814877846571,0.750582193506146,0.139688693150139,0.0283784595756326,6.14339126256926e-09,0.0627691598400341
"TCGA-HT-7694-01A-11R-2256-07",0.00180004748318479,0.252021071899415,0.677914031836772,0.00418550725140858,3.26256132406474e-08,0.0640793089036059
"TCGA-HT-7695-01A-11R-2256-07",0.00197457800487796,0.549635576189359,0.375702378861072,0.0158506988662064,3.48029363662307e-08,0.0568367332755484
"TCGA-HT-7856-01A-11R-2403-07",0.00242623082995365,0.266231409353241,0.641658281112443,0.0113666841967321,9.28718265792582e-07,0.0783164657893645
"TCGA-HT-7874-01A-11R-2403-07",0.00151730936189067,0.34302124607734,0.56335209894921,0.0244422376110666,7.59823200374059e-09,0.0676671004022609
"TCGA-HT-7875-01A-11R-2403-07",0.00134788295722701,0.717715931504832,0.132407230996059,0.0749213479489722,6.89960560443385e-08,0.0736075375968532
"TCGA-HT-7877-01A-11R-2403-07",0.00188551880287778,0.441334826880694,0.413064659163258,0.0455554023235469,0.0002312835835427,0.0979283092460811
"TCGA-HT-8010-01A-11R-2403-07",0.00325943755311535,0.334527244977362,0.443789824730022,0.109545478049581,5.72671978863323e-07,0.10887744201794
"TCGA-HT-8105-01A-11R-2404-07",0.00702413079934795,0.686431450530825,0.124657737677179,0.0314741139190432,0.000310361323821049,0.150102205749784
"TCGA-HT-8109-01A-11R-2404-07",0.00356833105271811,0.40207031779848,0.518500551772936,0.0113790554490281,3.01131600369654e-07,0.0644814427952379
"TCGA-HT-A4DV-01A-11R-A26U-07",0.00482703900616572,0.0106821082008328,0.919785571629508,0.00693090428500574,0.000565891710944188,0.0572084851675433
"TCGA-HT-A5R9-01A-11R-A28M-07",6.63575276747099e-07,0.818467191702538,0.0142397415444789,0.0186721406615482,0.00289757245489835,0.14572269006126
"TCGA-HT-A619-01A-11R-A29R-07",3.63368558951331e-08,0.921020295700557,0.00117648657703601,0.00568576111025629,0.000239898755376069,0.0718775215199186
"TCGA-HT-A74K-01A-11R-A32Q-07",0.0378132052715787,0.467669287183546,0.234443070878102,0.0632978131694364,0.0132216146047343,0.183555008892603
"TCGA-HW-7486-01A-11R-2027-07",0.00967706611768492,0.0134824751338929,0.914913763188166,0.00354155206004543,9.37396923721376e-06,0.0583757695309731
"TCGA-HW-7487-01A-11R-2027-07",0.00219640576021496,0.50490928607253,0.405728421376944,0.0159350500239975,2.56327930349149e-08,0.0712308111335206
"TCGA-HW-7491-01A-11R-2027-07",0.000864292784923353,0.854232758676348,0.0870727065106921,0.0103930806098096,2.00986501416343e-06,0.0474351515532129
"TCGA-HW-7495-01A-11R-2027-07",0.0020976492034463,0.160313971199611,0.755637934440403,0.0138267403724688,3.49706381596581e-08,0.0681236698134323
"TCGA-HW-8322-01A-11R-2404-07",0.00150532085212516,0.807014265759954,0.132148924925787,0.015581293343274,0.000515498110082471,0.0432346970087778
"TCGA-HW-A5KJ-01A-12R-A27Q-07",0.000179603759724135,0.658780514856249,0.0247021713427924,0.0544407850568839,0.032597202538457,0.229299722445894
"TCGA-IK-8125-01A-11R-2256-07",0.00904008410363332,0.731410270109034,0.136867891438187,0.0444394994215624,0.000222541739564681,0.0780197131880194
"TCGA-P5-A5ET-01A-11R-A27Q-07",0.00145693544211012,0.468412918835614,0.411859850416914,0.0589810714771705,1.3013118445862e-09,0.0592892225268799
"TCGA-P5-A5EX-01A-12R-A28M-07",0.126644710132089,0.255964216490784,0.286877789371005,0.104243035753684,0.00230429973615995,0.223965948516278
"TCGA-P5-A5F0-01A-11R-A28M-07",0.00152962910687577,0.823386747662725,0.120449286407036,0.0135647806981382,0.000307526899849035,0.040762029225376
"TCGA-P5-A737-01A-11R-A32Q-07",2.22604588226405e-08,0.80738510845042,0.110547333700594,0.0104313496348979,7.74970805290794e-08,0.071636108456549
"TCGA-P5-A77W-01A-11R-A32Q-07",0.00161432890012538,0.870453596816378,0.0474837221141185,0.00585559689108454,0.00319668498009313,0.0713960702982004
"TCGA-P5-A77X-01A-11R-A32Q-07",0.00178478909601269,0.635563088931143,0.253656080289617,0.0619851664814891,1.29697362555037e-07,0.0470107455043757
"TCGA-QH-A65R-01A-21R-A31N-07",0.0114016245151176,0.635932205044371,0.0583557629951639,0.0293431860582537,0.00181037732381125,0.263156844063282
"TCGA-QH-A65X-01A-11R-A32Q-07",0.0152782652855252,0.680953355754015,0.00126403944506119,0.0587971528982298,0.0253560519407993,0.21835113467637
"TCGA-QH-A65Z-01A-11R-A29R-07",0.00200625374428798,0.64110474633527,0.255618242302502,0.0424230831820115,5.12462513818137e-09,0.0588476693113036
"TCGA-QH-A6CU-01A-11R-A31N-07",0.0607909165143988,0.0563775655793272,0.700188703122266,0.0744951172906113,1.37274852029661e-07,0.108147560218545
"TCGA-QH-A6CY-01A-11R-A32Q-07",0.00203026982751349,0.334173009911108,0.553121249162238,0.0558889422245871,1.62100557784392e-08,0.0547865126644982
"TCGA-QH-A6CZ-01A-11R-A32Q-07",0.00186499573039423,0.786953984904801,0.148676230264955,0.0156528177689144,1.55788668312243e-08,0.0468519557520689
"TCGA-QH-A6X5-01A-12R-A32Q-07",0.0114893417660475,0.143755691460716,0.711234042743282,0.0603292829798844,6.08409356765862e-08,0.0731915802091345
"TCGA-QH-A6X8-01A-12R-A32Q-07",0.00161998714067514,0.537117603701917,0.402799838973457,0.0145901573022395,7.54332518125191e-05,0.0437969796298999
"TCGA-QH-A86X-01A-11R-A36H-07",0.00245519781264052,0.728739640852395,0.135815301724905,0.0660497070855973,0.000364008897175316,0.0665761436272869
"TCGA-R8-A6MK-01A-11R-A32Q-07",0.00922802698234269,0.48561480741616,0.323960456669689,0.0863720366113507,2.96754950716953e-07,0.0948243755655071
"TCGA-R8-A6ML-01A-11R-A32Q-07",3.19219179139818e-07,0.693833231392951,0.189739350093112,0.0228017569453893,6.84388484528569e-09,0.0936253355054843
"TCGA-R8-A6MO-01A-11R-A33Z-07",0.0201763047333432,0.37245077611369,0.506329274975952,0.017188735191352,0.000130827440624568,0.0837240815450381
"TCGA-RY-A83X-01A-11R-A36H-07",0.00157049478237049,0.471242743858804,0.40932745678931,0.0446068693355443,2.63432359586402e-08,0.0732524088907345
"TCGA-RY-A847-01A-11R-A36H-07",0.0381182532719201,0.571349299890345,0.238876344947371,0.0535667251650514,6.18529378123585e-08,0.0980893148723744
"TCGA-S9-A6TW-01A-12R-A32Q-07",0.0157052433673999,0.639536631232167,0.0816967563919706,0.0487672870749052,0.00173565499020584,0.212558426943352
"TCGA-S9-A6U2-01A-21R-A33Z-07",0.0031423735505299,0.706357916866806,0.127027156823445,0.0779077775947299,1.79370484150491e-08,0.0855647572274406
"TCGA-S9-A6UB-01A-21R-A33Z-07",0.00175653459809771,0.739375472151605,0.211495309621508,0.00546310256361186,8.82753416046945e-09,0.0419095722376426
"TCGA-S9-A6WE-01A-12R-A33Z-07",0.0118846097445709,0.728189089360563,0.14748329075338,0.034032035696157,7.41530811266669e-08,0.078410900292248
"TCGA-S9-A6WL-01A-21R-A33Z-07",0.011725345251261,0.666103811815439,0.15279798661653,0.0526949126462658,2.14539808138389e-08,0.116677922216524
"TCGA-S9-A6WN-01A-12R-A33Z-07",0.116273673155576,0.229233009042261,0.37102876422855,0.0868095969880108,0.0010292997286009,0.195625656857001
"TCGA-S9-A6WP-01A-12R-A34F-07",0.0415411631492949,0.550466300380421,0.302075881553355,0.0135188212216722,0.000471092234514371,0.0919267414607434
"TCGA-S9-A7IQ-01A-21R-A34F-07",0.00287899658541668,0.574788195113009,0.360652402095078,0.0141632075334352,1.4499423792487e-08,0.0475171841736375
"TCGA-S9-A7IY-01A-11R-A34F-07",0.0545666992360177,0.346366764265328,0.386581601671245,0.0782835035320455,2.9601590166077e-07,0.134201135279462
"TCGA-S9-A7J2-01A-11R-A34F-07",0.00246333235157747,0.813999460664638,0.0612971354459703,0.0479960484826687,1.52911757431674e-06,0.0742424939375713
"TCGA-S9-A7QY-01A-11R-A34F-07",0.00171957635387932,0.358652178275437,0.562797252790464,0.0112022627072595,1.17345076875034e-06,0.0656275564221917
"TCGA-S9-A7QZ-01A-12R-A34R-07",0.00087684208401353,0.781549426032223,0.116089747699496,0.0176564125562311,6.08318280565686e-08,0.0838275107962086
"TCGA-S9-A7R1-01A-12R-A34R-07",0.0100604477013297,0.695246848010227,0.0791507382522504,0.0519246216738473,0.00217170947391964,0.161445634888426
"TCGA-TM-A84G-01A-11R-A36H-07",2.63882256431917e-09,0.90462327451229,0.0402385221172451,0.0139627074124533,2.59916408612011e-05,0.0411495016783274
"TCGA-TM-A84M-01A-11R-A36H-07",0.000282994646650217,0.864809213921059,0.0924509322657101,0.0118410335943984,8.07502084196718e-07,0.0306150180700985
"TCGA-TM-A84R-01A-21R-A36H-07",0.00286900278839988,0.416786441259377,0.50587218762318,0.0195479068885392,9.16810920302231e-08,0.0549243697594116
"TCGA-TM-A84S-01A-11R-A36H-07",0.037020321605336,0.498981032858419,0.308319224248889,0.0769332609989714,8.64433782685861e-08,0.0787460738450065
"TCGA-TQ-A7RS-01A-12R-A33Z-07",0.00171819779591904,0.565817254705118,0.324813696131349,0.0358585601663305,1.74808441220879e-06,0.0717905431168714
"TCGA-VM-A8CB-01A-11R-A36H-07",0.00816421000655565,0.844431931318636,0.0288752878466866,0.00858431846565782,1.11574390244291e-08,0.109944241205025
"TCGA-VM-A8CE-01A-11R-A36H-07",0.0122953100317028,0.307394339646617,0.538506308308977,0.0580069960952436,5.98107794133219e-08,0.0837969861066798
"TCGA-VV-A829-01A-21R-A36H-07",0.0259545051130458,0.751172269079104,0.0858555641329942,0.0248305788754123,8.64341926028119e-08,0.112186996365252
"TCGA-VW-A7QS-01A-12R-A33Z-07",0.00538480730308184,0.657363338750394,0.173613604221039,0.0567554170434735,2.23921630684317e-08,0.106882810289848
"TCGA-W9-A837-01A-11R-A36H-07",0.00283459479151772,0.626904311230513,0.225198723267826,0.0715083863185413,1.0866059441249e-08,0.0735539735255429
