"","Glioma","Myeloid","Oligo","Pericytes","TCells","Endo"
"TCGA-CS-5396-01A-02R-1470-07",0.775177406832122,0.0164242047590216,0.126258452642064,0.0349018497907092,6.86279657305342e-05,0.0471694580103538
"TCGA-CS-6668-01A-11R-1896-07",0.890220448511288,0.00354751508213503,0.0522898558750372,0.0129728237098401,0.000373588737092196,0.0405957680846071
"TCGA-DB-5274-01A-01R-1470-07",0.824876947941971,0.0341332162448165,0.0372466023563465,0.0284091509183496,0.00304804724032027,0.0722860352981962
"TCGA-DB-5278-01A-01R-1470-07",0.671750511056855,0.0186349554900055,0.17637098895395,0.0666387289179339,0.00110288771893636,0.0655019278623194
"TCGA-DB-5279-01A-03R-2347-07",0.728873162703773,0.0157344586446501,0.102909198898302,0.0544329237439717,0.0034594620754461,0.0945907939338575
"TCGA-DB-A4XG-01A-11R-A27Q-07",0.840917087859122,0.00448031234145582,0.058255690891104,0.0361635500979971,0.00112419031636769,0.0590591684939528
"TCGA-DB-A4XH-01A-11R-A27Q-07",0.606588229180569,0.00583956144229298,0.227214992935341,0.0573875630937147,0.000772369493125013,0.102197283854958
"TCGA-DB-A64L-01A-11R-A29R-07",0.727163496774424,0.0255080253884542,0.111458019348431,0.04975734530295,0.005952901164989,0.0801602120207522
"TCGA-DB-A64P-01A-11R-A29R-07",0.666550144238948,0.0287613596837095,0.142590556381845,0.0535235117079621,0.000233016363148253,0.108341411624387
"TCGA-DB-A64Q-01A-11R-A29R-07",0.728403079591139,0.0205672942036445,0.137101318774409,0.0564516119396097,1.72285298587546e-06,0.0574749726382125
"TCGA-DB-A64R-01A-11R-A29R-07",0.832285146678407,0.00941900721248351,0.0713441120497975,0.0323946028147125,0.00078980581809571,0.0537673254265036
"TCGA-DB-A64U-01A-11R-A29R-07",0.496642856632874,0.0196645030385087,0.383956081943102,0.0368877185828429,3.94878793845942e-06,0.0628448910147336
"TCGA-DB-A64V-01A-11R-A29R-07",0.365952629747902,0.0975920897500582,0.405233526585887,0.0526432459547529,0.00180689970592181,0.0767716082554784
"TCGA-DB-A64W-01A-11R-A29R-07",0.821679403663722,0.00264246578782598,0.0977779662892515,0.0283889761325269,0.0026872438421045,0.0468239442845686
"TCGA-DB-A75K-01A-11R-A32Q-07",0.652326757041569,0.0533893565186855,0.142741648998864,0.0419043926985398,0.000524196369373665,0.109113648372969
"TCGA-DH-5141-01A-01R-1470-07",0.669371950040478,0.0173895273384185,0.156225288178646,0.0570660269052737,9.48867241579362e-05,0.0998523208130256
"TCGA-DH-5144-01A-01R-1470-07",0.864460287799897,0.0123607234848426,0.0370927995897004,0.0308477156194109,0.000529856491020032,0.0547086170151289
"TCGA-DH-A66F-01A-11R-A29R-07",0.703187029910177,0.0102639841103571,0.139275446123886,0.0648897367081097,0.000533587331202888,0.0818502158162675
"TCGA-DH-A7UR-01A-11R-A33Z-07",0.751144091969245,0.00561573824704838,0.0599405473213627,0.0558748863934585,0.00313787695726272,0.124286859111623
"TCGA-DU-5849-01A-11R-1708-07",0.551689538865565,0.0185611169916331,0.29330075016256,0.0602372469670463,0.00301384511403859,0.0731975018991571
"TCGA-DU-5874-01A-11R-1708-07",0.894153366875435,0.0050218662117016,0.0175698431397647,0.0235652636639775,0.000924047858032134,0.0587656122510895
"TCGA-DU-6394-01A-11R-1708-07",0.836313884639945,0.0126261370236619,0.0352656855959781,0.0300115339955937,0.000368646921514189,0.0854141118233077
"TCGA-DU-6410-01A-11R-1896-07",0.922705098188091,0.000636796339157049,0.0175983375946508,0.0233118512622733,0.000794797241560912,0.0349531193742672
"TCGA-DU-7009-01A-11R-2027-07",0.679125901035835,0.00815607274528592,0.223420269170253,0.0289776693820881,0.0010316023955022,0.0592884852710357
"TCGA-DU-7018-01A-11R-2027-07",0.880398128165019,0.00218354517260479,0.0147119012690838,0.0293466092461659,0.000625643161094938,0.0727341729860318
"TCGA-DU-7294-01A-11R-2027-07",0.771342881565917,0.0100510131169906,0.132556546243793,0.0272517456408394,0.000385036834071238,0.0584127765983884
"TCGA-DU-7300-01A-21R-2090-07",0.612308931356306,0.026768797204545,0.213868271191705,0.0650402159629345,0.00359447859153269,0.0784193056929777
"TCGA-DU-7302-01A-11R-2090-07",0.756572013910274,0.0101962361055834,0.127245217860493,0.0483889073122674,0.00242655219998554,0.0551710726113966
"TCGA-DU-8164-01A-11R-2256-07",0.818944677400277,0.00771193623915701,0.0837083004790118,0.0347570607322236,0.00079393012890433,0.0540840950204252
"TCGA-DU-8168-01A-11R-2256-07",0.897507315481714,0.00556480040792475,0.0340413396957271,0.0200492984278262,0.00140604767975517,0.0414311983070528
"TCGA-DU-A6S2-01A-21R-A32Q-07",0.616067372455742,0.0104056674094251,0.252360094063762,0.0406565203484715,0.00363754774830448,0.0768727979742945
"TCGA-DU-A6S3-01A-12R-A32Q-07",0.757035809228415,0.00582279418530037,0.145410203115094,0.0341341741791543,0.00394498182501127,0.0536520374670246
"TCGA-DU-A6S6-01A-21R-A32Q-07",0.756844059127002,0.00719202821629938,0.130017895008315,0.0482352152443879,0.00508876760264906,0.0526220348013466
"TCGA-DU-A6S8-01A-12R-A32Q-07",0.852113593681433,0.010359052867205,0.0672017733728741,0.0260309574560751,0.00114541982979392,0.0431492027926186
"TCGA-DU-A76R-01A-11R-A32Q-07",0.659668755656145,0.0213014807793429,0.137307884449923,0.0763302447063931,0.00160989092595783,0.103781743482239
"TCGA-DU-A7T6-01A-11R-A33Z-07",0.75873790514134,0.0148911417693024,0.107758818558199,0.0554440685318916,0.00222534296864816,0.0609427230306181
"TCGA-E1-5318-01A-01R-1470-07",0.832889042593423,0.011382048488176,0.00453209148758802,0.0390386624365806,0.000178487921308888,0.111979667072924
"TCGA-E1-5319-01A-01R-1896-07",0.499933654519597,0.0146954414621505,0.322596545602067,0.0523414837674203,0.000203831071848811,0.110229043576917
"TCGA-E1-A7YO-01A-11R-A34F-07",0.731892836885379,0.00759006033620606,0.093803341760798,0.0597838497323197,0.00111535760359329,0.105814553681704
"TCGA-EZ-7264-01A-11R-2027-07",0.849522012402563,0.00585283886012429,0.075849498027317,0.0288795206462328,0.000203506762149349,0.0396926233016137
"TCGA-F6-A8O3-01A-11R-A36H-07",0.882884556168065,0.00564089588686832,0.0370746760889298,0.0234050362536187,0.000570925599603206,0.0504239100029148
"TCGA-FG-7634-01A-11R-2090-07",0.565727984626429,0.0683277660602698,0.178115371310864,0.0732636061731945,0.000575308449999446,0.113989963379243
"TCGA-FG-7638-01B-12R-2090-07",0.618995633359505,0.0143589753928709,0.194814456855175,0.0881733602233554,0.00118057262424002,0.0824770015448539
"TCGA-FG-7641-01B-11R-2256-07",0.605307575681447,0.00527750219929232,0.279680288185681,0.0541030810257275,0.00252423888788656,0.0531073140199661
"TCGA-FG-8186-01A-11R-2256-07",0.64130189864122,0.0613776180359248,0.145700094442856,0.0593860954315795,0.000756419806917974,0.0914778736415018
"TCGA-FG-8187-01A-11R-2256-07",0.331318522236428,0.0354926092512913,0.512144114042666,0.0455258904274631,0.000448242040880993,0.0750706220012702
"TCGA-FG-A60K-01A-11R-A29R-07",0.717112630949326,0.0292128439052852,0.114930683760502,0.0654460958310781,0.000240159144048845,0.0730575864097599
"TCGA-FG-A710-01A-12R-A33Z-07",0.672893197827789,0.0950186135040047,0.0902580186422673,0.0619054509749477,0.00182066828025235,0.0781040507707395
"TCGA-FG-A713-01A-11R-A32Q-07",0.593581205461842,0.00981707565092933,0.289604003595814,0.0481103814646413,0.00558131175402269,0.0533060220727501
"TCGA-HT-7480-01A-11R-2090-07",0.708695785709343,0.0123821499493273,0.155801927449256,0.0526882385670625,0.00124016354061992,0.0691917347843911
"TCGA-HT-7481-01A-11R-2027-07",0.441040151109994,0.0091579553491236,0.432086448005305,0.0465515695603281,0.000714294216911761,0.0704495817583369
"TCGA-HT-7605-01A-11R-2090-07",0.528114445188767,0.0184558332644343,0.317889816255226,0.0684239945825009,0.0027422556834784,0.0643736550255937
"TCGA-HT-7607-01A-11R-2090-07",0.598976489649894,0.0198367352338915,0.242915874482292,0.069536880904445,0.00393723053874236,0.0647967891907356
"TCGA-HT-7616-01A-11R-2256-07",0.628621646954273,0.0648787706602953,0.0723038295060107,0.0644154536470312,0.00724781069145043,0.162532488540939
"TCGA-HT-7620-01A-11R-2256-07",0.2680544981895,0.0259162087458583,0.619429269355866,0.0230606903674514,6.3060426512803e-05,0.0634762729148116
"TCGA-HT-7677-01A-11R-2256-07",0.717882894148197,0.0103201143029029,0.160797312835115,0.0406686962949423,0.000502776844531305,0.0698282055743107
"TCGA-HT-7681-01A-11R-2403-07",0.609873267439556,0.029515032700777,0.204009456960584,0.0782938018954965,0.00453472613739643,0.07377371486619
"TCGA-HT-7687-01A-11R-2256-07",0.747530550859317,0.0208793486603446,0.122944828482234,0.0306644983004671,0.00151110183406186,0.0764696718635752
"TCGA-HT-7692-01A-12R-2256-07",0.799666841253993,0.0292391140968979,0.0818084000836093,0.0278875524545265,0.000385815919309655,0.061012276191664
"TCGA-HT-7694-01A-11R-2256-07",0.558915139580046,0.00663623781133918,0.322418788976801,0.0472823052772477,0.00381698949221311,0.0609305388623535
"TCGA-HT-7695-01A-11R-2256-07",0.651105931676761,0.0110083673181868,0.220232215294092,0.0571382573062431,0.00344073650110377,0.0570744919036142
"TCGA-HT-7856-01A-11R-2403-07",0.548606829051252,0.0106150330692374,0.317059417573574,0.0512684888371836,0.00302497126559111,0.0694252602031627
"TCGA-HT-7874-01A-11R-2403-07",0.596305104208767,0.00893535505610581,0.267387769841741,0.0559057490224636,0.00374891813583386,0.0677171037350888
"TCGA-HT-7875-01A-11R-2403-07",0.743827965778136,0.00933644606902032,0.109810660135542,0.0685078311068862,0.00121060961505098,0.0673064872953634
"TCGA-HT-7877-01A-11R-2403-07",0.574862056771047,0.0108494339404109,0.2529671591921,0.0671392633846097,0.00192317825363683,0.0922589084581956
"TCGA-HT-8010-01A-11R-2403-07",0.568812650328039,0.0273252963975843,0.210162429189599,0.0957491203536372,0.00278528573050814,0.0951652180006328
"TCGA-HT-8105-01A-11R-2404-07",0.729206417328934,0.0155950442954122,0.0894283809675314,0.0429879433414628,0.00350605710596678,0.119276156960693
"TCGA-HT-8109-01A-11R-2404-07",0.582864780596377,0.0251885193972157,0.269889655287813,0.0470741787561822,0.00154592337532243,0.0734369425870897
"TCGA-HT-A4DV-01A-11R-A26U-07",0.306171726520906,0.0276845152297576,0.558961488914623,0.0501343259926146,0.00130338484371502,0.0557445584983838
"TCGA-HT-A5R9-01A-11R-A28M-07",0.878088876004186,0.00524526638698101,0.0145339441012026,0.0333763355050365,0.0029574382341936,0.0657981397684
"TCGA-HT-A619-01A-11R-A29R-07",0.909723862392288,0.000470906253329058,0.00116205681667394,0.0168577734346861,0.000789466701220972,0.0709959344018021
"TCGA-HT-A74K-01A-11R-A32Q-07",0.710503807406821,0.0356007928726607,0.117707063993827,0.0595943221356912,0.000534311713596342,0.0760597018774036
"TCGA-HW-7486-01A-11R-2027-07",0.296187105602963,0.0285881685713071,0.585612943297299,0.0292145793758597,2.03868730949107e-05,0.0603768162794768
"TCGA-HW-7487-01A-11R-2027-07",0.618294693244698,0.0126596205582411,0.249117347167319,0.050119547557522,0.0030226322758279,0.0667861591963925
"TCGA-HW-7491-01A-11R-2027-07",0.842008660484876,0.0040389984904283,0.0712064281110137,0.0214498411989759,1.98110378130834e-06,0.0612940906109242
"TCGA-HW-7495-01A-11R-2027-07",0.429845958738689,0.00949631193554369,0.423064533158301,0.0596476082250686,0.00158591796327166,0.0763596699791258
"TCGA-HW-8322-01A-11R-2404-07",0.796359279092256,0.0167239574356349,0.108055616207912,0.0253857603814273,0.000808288965552227,0.0526670979172185
"TCGA-HW-A5KJ-01A-12R-A27Q-07",0.801170310598671,0.00220970153820638,0.0245478686280925,0.0541007193675928,0.00564949779268193,0.112321902074756
"TCGA-IK-8125-01A-11R-2256-07",0.720616746946614,0.0215189028103208,0.116956220577445,0.0644270049597187,0.00143438242904029,0.07504674227686
"TCGA-P5-A5ET-01A-11R-A27Q-07",0.625621985096457,0.0122676291986388,0.245555155596274,0.0575227625771049,0.0012091729493824,0.0578232945821428
"TCGA-P5-A5EX-01A-12R-A28M-07",0.566981109889773,0.129953247235344,0.0486241780306974,0.106966339010388,0.00504959280836982,0.142425533025428
"TCGA-P5-A5F0-01A-11R-A28M-07",0.79372526251937,0.00542413077918863,0.110109796956178,0.0363882435925494,0.00238878131460003,0.0519637848381138
"TCGA-P5-A737-01A-11R-A32Q-07",0.819975902920875,0.0227217886723574,0.0778706525599079,0.0210761156848651,0.000385492194455512,0.0579700479675393
"TCGA-P5-A77W-01A-11R-A32Q-07",0.863077914489323,0.00348811163738866,0.0470813745894477,0.0150696549744013,0.000491839900111083,0.0707911044093287
"TCGA-P5-A77X-01A-11R-A32Q-07",0.709823038419876,0.009755996403944,0.158553173234735,0.0582956090951486,0.00224852341489168,0.0613236594314048
"TCGA-QH-A65R-01A-21R-A31N-07",0.813079259399516,0.0113614782584021,0.0355337668229167,0.0320558741802787,0.00180400280475062,0.106165618534135
"TCGA-QH-A65X-01A-11R-A32Q-07",0.815550103577965,0.0135665956921515,0.00836366625124799,0.0522099326273401,0.00250262208761776,0.107807079763678
"TCGA-QH-A65Z-01A-11R-A29R-07",0.71719795671429,0.0118804582870618,0.16473562393099,0.0427922938034286,0.000701354772870622,0.0626923124913584
"TCGA-QH-A6CU-01A-11R-A31N-07",0.453382861368375,0.0596758746276457,0.337054778606727,0.0731287095951797,0.000471768881688982,0.0762860069203833
"TCGA-QH-A6CY-01A-11R-A32Q-07",0.533487547929559,0.0159295873980198,0.334953490645915,0.0569433361041374,0.00286592967820711,0.0558201082441608
"TCGA-QH-A6CZ-01A-11R-A32Q-07",0.778098637772123,0.0131410938133812,0.11855322678903,0.0359719458807515,0.00229839625021904,0.0519366994944951
"TCGA-QH-A6X5-01A-12R-A32Q-07",0.418737457172264,0.0192099358632273,0.428283170062811,0.0603749480383656,0.000147507734022919,0.0732469811293095
"TCGA-QH-A6X8-01A-12R-A32Q-07",0.69252744651552,0.0245327246096335,0.218075966750974,0.016645069367083,4.77353909364837e-07,0.04821831540288
"TCGA-QH-A86X-01A-11R-A36H-07",0.763345171237943,0.0146635953616199,0.0962849154185276,0.0621668843632356,0.000877060008689357,0.0626623736099841
"TCGA-R8-A6MK-01A-11R-A32Q-07",0.650357865296798,0.0232833931047038,0.17723388900134,0.0796972785194806,0.00014505121206459,0.069282522865613
"TCGA-R8-A6ML-01A-11R-A32Q-07",0.739092376664547,0.00186717128679496,0.138034204977441,0.045514176671219,0.000789250954198432,0.0747028194457985
"TCGA-R8-A6MO-01A-11R-A33Z-07",0.567662320214031,0.0293287356176027,0.297378231850543,0.0242356350859905,0.000425086711208798,0.080969990520624
"TCGA-RY-A83X-01A-11R-A36H-07",0.634635650842867,0.0124526862365896,0.238568707324344,0.0432753523605147,1.7819121280761e-06,0.0710658213235568
"TCGA-RY-A847-01A-11R-A36H-07",0.638159998388062,0.0570242820772007,0.159720533844709,0.050454229005454,0.00225112437151539,0.0923898323130598
"TCGA-S9-A6TW-01A-12R-A32Q-07",0.719472603456279,0.0159840173963996,0.0455203296865431,0.0601715932069972,0.00176646352486233,0.157084992728919
"TCGA-S9-A6U2-01A-21R-A33Z-07",0.738847189815346,0.0323914224760459,0.0731234216704448,0.0740186243438566,0.000325973845502228,0.0812933678488043
"TCGA-S9-A6UB-01A-21R-A33Z-07",0.774110485759543,0.00631046811167388,0.158818051477832,0.017424098498281,0.000184550077011148,0.0431523460756589
"TCGA-S9-A6WE-01A-12R-A33Z-07",0.7652235024842,0.0174511019807808,0.104545759417032,0.0340451907237952,0.000293235496909328,0.0784412098972829
"TCGA-S9-A6WL-01A-21R-A33Z-07",0.702426796037378,0.0182098614169334,0.088283828299317,0.0836451402415488,0.00236283958723166,0.105071534417591
"TCGA-S9-A6WN-01A-12R-A33Z-07",0.604311147705413,0.109215846951493,0.0525580588796547,0.0815402438166518,0.00181606368013516,0.150558638966652
"TCGA-S9-A6WP-01A-12R-A34F-07",0.646597318271561,0.0538171072326165,0.181603697641238,0.0321574603933225,0.000481663584953755,0.0853427528763072
"TCGA-S9-A7IQ-01A-21R-A34F-07",0.742314004333192,0.00773076562802059,0.15626280991031,0.0463520409247979,0.00746563490708785,0.0398747442965914
"TCGA-S9-A7IY-01A-11R-A34F-07",0.545677758672138,0.0640289676587093,0.21271922848614,0.0772871044027893,0.00127183053236587,0.0990151102478574
"TCGA-S9-A7J2-01A-11R-A34F-07",0.806408527933268,0.0163699075240058,0.0591878585505663,0.0463444712042424,1.47649957926042e-06,0.0716877582883382
"TCGA-S9-A7QY-01A-11R-A34F-07",0.543440870325566,0.0146912841713964,0.341474825416084,0.034624558448047,0.00070242745431393,0.0650660341845929
"TCGA-S9-A7QZ-01A-12R-A34R-07",0.757294155487738,0.00610953749337782,0.112486919594065,0.0410288673657156,0.00185458363005327,0.0812259364290502
"TCGA-S9-A7R1-01A-12R-A34R-07",0.783289800472584,0.0100124545341369,0.0717426025306479,0.0516769162910055,0.00216134937673805,0.0811168767948878
"TCGA-TM-A84G-01A-11R-A36H-07",0.883520085956325,0.00239247172674118,0.0392998317879349,0.0240516358497375,0.000238770247732891,0.050497204431529
"TCGA-TM-A84M-01A-11R-A36H-07",0.897926550377393,0.00359342588208232,0.0357594367225071,0.0214609359889478,0.00024137389306927,0.0410182771360005
"TCGA-TM-A84R-01A-21R-A36H-07",0.677672076476988,0.00791144615246304,0.209570171934944,0.0510422370435038,0.00729249120101166,0.0465115771910889
"TCGA-TM-A84S-01A-11R-A36H-07",0.630945180866223,0.0370686527053878,0.17557638266463,0.0770336995952184,0.000527205047711791,0.0788488791208295
"TCGA-TQ-A7RS-01A-12R-A33Z-07",0.700003096342769,0.00754641466439833,0.18291178617953,0.0364777233519416,3.08421955104074e-05,0.0730301372658503
"TCGA-VM-A8CB-01A-11R-A36H-07",0.892027672838965,0.0101138802978329,0.0293313856017677,0.017556414439048,0.000934071879453098,0.0500365749429333
"TCGA-VM-A8CE-01A-11R-A36H-07",0.504128395322673,0.0242305287675575,0.326427743107464,0.0593605254977444,0.000100510766874989,0.0857522965376856
"TCGA-VV-A829-01A-21R-A36H-07",0.843980633122137,0.0278962153532891,0.0285838098145656,0.0266244915299627,0.000347294651678942,0.0725675555283669
"TCGA-VW-A7QS-01A-12R-A33Z-07",0.846131598055789,0.0103755280138807,0.0315328413846741,0.0438859313039318,0.000771207032767135,0.0673028942089564
"TCGA-W9-A837-01A-11R-A36H-07",0.690044313279266,0.012777784920279,0.161625084919429,0.0655908286779966,0.00249485148694379,0.0674671367160868
