"sample","StromalScore","ImmuneScore","ESTIMATEScore"
"TCGA.CS.5396.01A.02R.1470.07",-663.069078117709,-900.714899782752,-1563.78397790046
"TCGA.CS.6668.01A.11R.1896.07",-1565.1531157033,-1516.75897074014,-3081.91208644344
"TCGA.DB.5274.01A.01R.1470.07",-604.478447704284,-443.603081696208,-1048.08152940049
"TCGA.DB.5278.01A.01R.1470.07",-936.129180876699,-1143.59273574668,-2079.72191662338
"TCGA.DB.5279.01A.03R.2347.07",-1006.84928998141,-1035.29058625894,-2042.13987624035
"TCGA.DB.A4XG.01A.11R.A27Q.07",-1553.49383781437,-1699.33695902312,-3252.83079683749
"TCGA.DB.A4XH.01A.11R.A27Q.07",-1234.36249729206,-1540.36217672263,-2774.72467401469
"TCGA.DB.A64L.01A.11R.A29R.07",-1266.8347455894,-956.19014545161,-2223.02489104101
"TCGA.DB.A64P.01A.11R.A29R.07",-869.239775583076,-909.445736371249,-1778.68551195432
"TCGA.DB.A64Q.01A.11R.A29R.07",-1327.81108760449,-1150.94280874213,-2478.75389634662
"TCGA.DB.A64R.01A.11R.A29R.07",-1361.59154727764,-1521.39026414828,-2882.98181142593
"TCGA.DB.A64U.01A.11R.A29R.07",-1153.33523428351,-1177.22571343113,-2330.56094771464
"TCGA.DB.A64V.01A.11R.A29R.07",-505.86371267522,24.7996491951452,-481.064063480075
"TCGA.DB.A64W.01A.11R.A29R.07",-1617.55180320064,-2001.2961354468,-3618.84793864745
"TCGA.DB.A75K.01A.11R.A32Q.07",-690.587697736741,-334.875559240935,-1025.46325697768
"TCGA.DH.5141.01A.01R.1470.07",-995.866277869759,-992.456265359174,-1988.32254322893
"TCGA.DH.5144.01A.01R.1470.07",-1320.11641982378,-1232.49809162687,-2552.61451145065
"TCGA.DH.A66F.01A.11R.A29R.07",-1215.31622016506,-1267.01647008207,-2482.33269024714
"TCGA.DH.A7UR.01A.11R.A33Z.07",-1085.21268246897,-1538.68108727806,-2623.89376974703
"TCGA.DU.5849.01A.11R.1708.07",-1130.29816741722,-1207.99008159418,-2338.2882490114
"TCGA.DU.5874.01A.11R.1708.07",-1302.66634497475,-1547.97137975513,-2850.63772472988
"TCGA.DU.6394.01A.11R.1708.07",-1089.48132215202,-1019.95979535137,-2109.44111750338
"TCGA.DU.6410.01A.11R.1896.07",-1420.69749893986,-1769.95281056916,-3190.65030950902
"TCGA.DU.7009.01A.11R.2027.07",-1351.32634974962,-1517.48441274648,-2868.8107624961
"TCGA.DU.7018.01A.11R.2027.07",-1236.58729095236,-1512.06621437806,-2748.65350533042
"TCGA.DU.7294.01A.11R.2027.07",-1143.81242647622,-1201.03558622283,-2344.84801269904
"TCGA.DU.7300.01A.21R.2090.07",-761.833133145425,-1065.43850645791,-1827.27163960333
"TCGA.DU.7302.01A.11R.2090.07",-1327.80973710158,-1507.01433510878,-2834.82407221036
"TCGA.DU.8164.01A.11R.2256.07",-1334.89075760699,-1513.35457159835,-2848.24532920534
"TCGA.DU.8168.01A.11R.2256.07",-1520.03417591685,-1501.67673490923,-3021.71091082607
"TCGA.DU.A6S2.01A.21R.A32Q.07",-1344.67112240792,-1351.06452755075,-2695.73564995867
"TCGA.DU.A6S3.01A.12R.A32Q.07",-1413.02602135001,-1624.3218303556,-3037.3478517056
"TCGA.DU.A6S6.01A.21R.A32Q.07",-1479.77544776268,-1736.12344154314,-3215.89888930582
"TCGA.DU.A6S8.01A.12R.A32Q.07",-1345.10373374354,-1395.82195394002,-2740.92568768357
"TCGA.DU.A76R.01A.11R.A32Q.07",-814.140591714205,-1267.978085651,-2082.1186773652
"TCGA.DU.A7T6.01A.11R.A33Z.07",-857.93686293752,-1369.60155672106,-2227.53841965858
"TCGA.E1.5318.01A.01R.1470.07",-707.013224203367,-1007.00004809173,-1714.0132722951
"TCGA.E1.5319.01A.01R.1896.07",-779.33499193277,-895.379478293729,-1674.7144702265
"TCGA.E1.A7YO.01A.11R.A34F.07",-1167.24696627098,-1479.94577277149,-2647.19273904248
"TCGA.EZ.7264.01A.11R.2027.07",-1390.51132678864,-1483.63429184615,-2874.1456186348
"TCGA.F6.A8O3.01A.11R.A36H.07",-1551.72871394497,-1567.12912921945,-3118.85784316442
"TCGA.FG.7634.01A.11R.2090.07",-7.54877432915097,-158.201583080008,-165.750357409159
"TCGA.FG.7638.01B.12R.2090.07",-1058.84299958974,-1170.87913234553,-2229.72213193527
"TCGA.FG.7641.01B.11R.2256.07",-1470.45020813471,-1694.59982723365,-3165.05003536836
"TCGA.FG.8186.01A.11R.2256.07",-673.506344685277,-294.071998918646,-967.578343603924
"TCGA.FG.8187.01A.11R.2256.07",-908.652511384384,-852.526238261961,-1761.17874964635
"TCGA.FG.A60K.01A.11R.A29R.07",-1243.72114653203,-887.214702498455,-2130.93584903048
"TCGA.FG.A710.01A.12R.A33Z.07",-660.069763311026,-60.6839364483305,-720.753699759357
"TCGA.FG.A713.01A.11R.A32Q.07",-1078.90303943533,-1583.96706462587,-2662.87010406119
"TCGA.HT.7480.01A.11R.2090.07",-1189.2239161198,-1419.10591007352,-2608.32982619333
"TCGA.HT.7481.01A.11R.2027.07",-1120.29837601664,-1370.07706542713,-2490.37544144376
"TCGA.HT.7605.01A.11R.2090.07",-1049.56730635104,-1294.57785205964,-2344.14515841068
"TCGA.HT.7607.01A.11R.2090.07",-827.231537463438,-1217.30851921277,-2044.54005667621
"TCGA.HT.7616.01A.11R.2256.07",-163.995500645926,117.830792399923,-46.1647082460031
"TCGA.HT.7620.01A.11R.2256.07",-1075.90961581439,-768.254632493554,-1844.16424830794
"TCGA.HT.7677.01A.11R.2256.07",-1074.99069161994,-1207.12609682616,-2282.1167884461
"TCGA.HT.7681.01A.11R.2403.07",-931.571344406956,-964.966659300869,-1896.53800370783
"TCGA.HT.7687.01A.11R.2256.07",-926.231616012809,-964.476151902337,-1890.70776791515
"TCGA.HT.7692.01A.12R.2256.07",-1204.89833234498,-1001.37470188874,-2206.27303423373
"TCGA.HT.7694.01A.11R.2256.07",-1295.2606275547,-1591.2460235865,-2886.50665114121
"TCGA.HT.7695.01A.11R.2256.07",-1140.29695579728,-1439.69803092048,-2579.99498671775
"TCGA.HT.7856.01A.11R.2403.07",-1090.31401587946,-1488.25995045594,-2578.5739663354
"TCGA.HT.7874.01A.11R.2403.07",-1101.42234678119,-1460.69385374835,-2562.11620052954
"TCGA.HT.7875.01A.11R.2403.07",-1241.14526468092,-1525.52866517235,-2766.67392985327
"TCGA.HT.7877.01A.11R.2403.07",-1126.38278969627,-1300.66433138151,-2427.04712107778
"TCGA.HT.8010.01A.11R.2403.07",-837.527330103947,-1049.64531253281,-1887.17264263675
"TCGA.HT.8105.01A.11R.2404.07",-1152.76156855402,-1138.11798956935,-2290.87955812336
"TCGA.HT.8109.01A.11R.2404.07",-965.327269066099,-1013.43848053229,-1978.76574959839
"TCGA.HT.A4DV.01A.11R.A26U.07",-1089.99232281785,-988.662507890609,-2078.65483070846
"TCGA.HT.A5R9.01A.11R.A28M.07",-1138.71923227307,-1455.2587266019,-2593.97795887497
"TCGA.HT.A619.01A.11R.A29R.07",-1384.66109855303,-1453.51308898707,-2838.17418754009
"TCGA.HT.A74K.01A.11R.A32Q.07",-571.455094159038,-654.422240218497,-1225.87733437754
"TCGA.HW.7486.01A.11R.2027.07",-828.042624429199,-690.256642065737,-1518.29926649494
"TCGA.HW.7487.01A.11R.2027.07",-1346.05205521893,-1474.38069745383,-2820.43275267277
"TCGA.HW.7491.01A.11R.2027.07",-1159.90961886116,-1256.27019983291,-2416.17981869407
"TCGA.HW.7495.01A.11R.2027.07",-1146.78956447814,-1408.6963044223,-2555.48586890044
"TCGA.HW.8322.01A.11R.2404.07",-1178.46871900905,-1047.99211137076,-2226.4608303798
"TCGA.HW.A5KJ.01A.12R.A27Q.07",-1390.81665525478,-1366.58225048844,-2757.39890574321
"TCGA.IK.8125.01A.11R.2256.07",-1046.77026855091,-1130.23854916052,-2177.00881771143
"TCGA.P5.A5ET.01A.11R.A27Q.07",-1359.2356897081,-1512.32129996869,-2871.55698967679
"TCGA.P5.A5EX.01A.12R.A28M.07",38.8925901025378,414.533744961962,453.4263350645
"TCGA.P5.A5F0.01A.11R.A28M.07",-1590.34399598132,-1741.43805325266,-3331.78204923397
"TCGA.P5.A737.01A.11R.A32Q.07",-1230.39731160655,-1037.50568261589,-2267.90299422244
"TCGA.P5.A77W.01A.11R.A32Q.07",-1418.53575405797,-1442.3602624218,-2860.89601647978
"TCGA.P5.A77X.01A.11R.A32Q.07",-1412.0130879589,-1619.03444102645,-3031.04752898536
"TCGA.QH.A65R.01A.21R.A31N.07",-1222.53038430419,-1330.27152912155,-2552.80191342573
"TCGA.QH.A65X.01A.11R.A32Q.07",-918.302779153282,-847.809326264465,-1766.11210541775
"TCGA.QH.A65Z.01A.11R.A29R.07",-1406.07164139073,-1286.53424902254,-2692.60589041327
"TCGA.QH.A6CU.01A.11R.A31N.07",-792.121194350485,-501.094223026712,-1293.2154173772
"TCGA.QH.A6CY.01A.11R.A32Q.07",-1243.37959334856,-1306.33501804937,-2549.71461139793
"TCGA.QH.A6CZ.01A.11R.A32Q.07",-1332.28705904455,-1465.82776709996,-2798.11482614452
"TCGA.QH.A6X5.01A.12R.A32Q.07",-1168.78889167367,-1099.36724771691,-2268.15613939057
"TCGA.QH.A6X8.01A.12R.A32Q.07",-1225.64542052335,-988.198815560299,-2213.84423608365
"TCGA.QH.A86X.01A.11R.A36H.07",-1263.97065644497,-1286.27558291953,-2550.2462393645
"TCGA.R8.A6MK.01A.11R.A32Q.07",-1275.63151144032,-1072.97301004489,-2348.6045214852
"TCGA.R8.A6ML.01A.11R.A32Q.07",-1417.89698335091,-1399.91347508615,-2817.81045843706
"TCGA.R8.A6MO.01A.11R.A33Z.07",-1112.53641578853,-716.055083180124,-1828.59149896865
"TCGA.RY.A83X.01A.11R.A36H.07",-1332.87338733744,-1273.06902754543,-2605.94241488287
"TCGA.RY.A847.01A.11R.A36H.07",-814.585317453689,-475.300019957902,-1289.88533741159
"TCGA.S9.A6TW.01A.12R.A32Q.07",-747.92355808274,-1030.77697669069,-1778.70053477343
"TCGA.S9.A6U2.01A.21R.A33Z.07",-804.113690524959,-835.705249018414,-1639.81893954337
"TCGA.S9.A6UB.01A.21R.A33Z.07",-1549.23686963457,-1522.60001890153,-3071.8368885361
"TCGA.S9.A6WE.01A.12R.A33Z.07",-1157.81158738133,-973.116768530953,-2130.92835591228
"TCGA.S9.A6WL.01A.21R.A33Z.07",-651.485039988131,-1347.10032453775,-1998.58536452588
"TCGA.S9.A6WN.01A.12R.A33Z.07",-180.621433008264,327.597407202841,146.975974194577
"TCGA.S9.A6WP.01A.12R.A34F.07",-987.978018137512,-533.742334709255,-1521.72035284677
"TCGA.S9.A7IQ.01A.21R.A34F.07",-1324.74065142713,-1771.11340549628,-3095.85405692341
"TCGA.S9.A7IY.01A.11R.A34F.07",-847.008065930188,-291.579631249558,-1138.58769717975
"TCGA.S9.A7J2.01A.11R.A34F.07",-1353.31388499626,-1337.55952185149,-2690.87340684776
"TCGA.S9.A7QY.01A.11R.A34F.07",-1374.59254549504,-1347.12402096661,-2721.71656646165
"TCGA.S9.A7QZ.01A.12R.A34R.07",-1388.31740957087,-1629.60491642825,-3017.92232599912
"TCGA.S9.A7R1.01A.12R.A34R.07",-1295.76231029418,-1460.40234324371,-2756.16465353789
"TCGA.TM.A84G.01A.11R.A36H.07",-1467.75367144262,-1629.03109519724,-3096.78476663987
"TCGA.TM.A84M.01A.11R.A36H.07",-1536.97872030301,-1529.54637064179,-3066.5250909448
"TCGA.TM.A84R.01A.21R.A36H.07",-1187.54404354311,-1708.89577436269,-2896.43981790579
"TCGA.TM.A84S.01A.11R.A36H.07",-1025.80229957116,-819.874576057356,-1845.67687562852
"TCGA.TQ.A7RS.01A.12R.A33Z.07",-1433.11998863274,-1387.12365256982,-2820.24364120255
"TCGA.VM.A8CB.01A.11R.A36H.07",-1556.41650527856,-1392.31382784041,-2948.73033311897
"TCGA.VM.A8CE.01A.11R.A36H.07",-949.095651809254,-1057.70028047546,-2006.79593228472
"TCGA.VV.A829.01A.21R.A36H.07",-869.346006557279,-699.620898043368,-1568.96690460065
"TCGA.VW.A7QS.01A.12R.A33Z.07",-1251.10874823346,-1341.92265516471,-2593.03140339817
"TCGA.W9.A837.01A.11R.A36H.07",-1334.51185077529,-1457.21159916693,-2791.72344994222
