"sample","Myeloid","Glioma","Oligo","Pericytes","TCells","Endo"
"TCGA-CS-5396-01A-02R-1470-07",0,0.590868887033322,0.341932273044237,0.0238632978782728,0,0.0433355420441684
"TCGA-CS-6668-01A-11R-1896-07",0.000744603099453771,0.8884493162701,0.0778954463562881,0.00596275156756368,0,0.0269478827065946
"TCGA-DB-5274-01A-01R-1470-07",0.0647250101804594,0.437078381882029,0.0558448372864822,0.000736110257853314,0.186111079868315,0.255504580524861
"TCGA-DB-5278-01A-01R-1470-07",0.00279904245008224,0.601200462024183,0.308441107553688,0.0204665238170626,0,0.0670928641549846
"TCGA-DB-5279-01A-03R-2347-07",0.00219574458707571,0.504120828673687,0.322901444095642,0.024345623353489,0.000127344464037857,0.146309014826069
"TCGA-DB-A4XG-01A-11R-A27Q-07",0.000323919995733977,0.811578341958138,0.0876290046607004,0.0145723917585927,0,0.0858963416268348
"TCGA-DB-A4XH-01A-11R-A27Q-07",0.00154030799394777,0.431525345282588,0.382048598191203,0.0205725281783808,0,0.164313220353881
"TCGA-DB-A64L-01A-11R-A29R-07",0.0274808092320371,0.600912017129989,0.230271406089025,0.0219953319047945,0.000803273930301447,0.118537161713853
"TCGA-DB-A64P-01A-11R-A29R-07",0.0165427178926172,0.54359404272407,0.262953586254498,0.0291151719522339,0,0.14779448117658
"TCGA-DB-A64Q-01A-11R-A29R-07",0.00273083770637207,0.610406456958331,0.300873194605041,0.0225075498094092,0,0.0634819609208463
"TCGA-DB-A64R-01A-11R-A29R-07",0.00196243246492758,0.814757351640902,0.127905123891436,0.0133908412183206,0,0.0419842507844144
"TCGA-DB-A64U-01A-11R-A29R-07",0.00176021373873698,0.297568550398008,0.638183998107432,0.00629384163665709,0,0.056193396119165
"TCGA-DB-A64V-01A-11R-A29R-07",0.106539453792452,0.0838146692674877,0.666822323518986,0.0164722088085891,0.000923080687261135,0.125428263925224
"TCGA-DB-A64W-01A-11R-A29R-07",0,0.769199522305946,0.159579735992336,0.00754434127159592,0,0.0636764004301223
"TCGA-DB-A75K-01A-11R-A32Q-07",0.0312116620311143,0.373879646777795,0.374428286119321,0.0268603647481813,0.000679304831694696,0.192940735491894
"TCGA-DH-5141-01A-01R-1470-07",0.0225845785680934,0.473235340969269,0.29542240526177,0.0215900077518768,0,0.18716766744899
"TCGA-DH-5144-01A-01R-1470-07",0,0.839658279952813,0.0557579337519567,0.00623832853465524,0,0.0983454577605748
"TCGA-DH-A66F-01A-11R-A29R-07",0,0.546676978655845,0.329909206518884,0.0257111141521781,0,0.0977027006730925
"TCGA-DH-A7UR-01A-11R-A33Z-07",0.00441197500850966,0.634065999985387,0.105431168932942,0.0325317860336676,0.000769443652318722,0.222789626387174
"TCGA-DU-5849-01A-11R-1708-07",0.00997394741170953,0.365042399083278,0.497398931023117,0.0192692463534736,0.000423490994502571,0.107891985133919
"TCGA-DU-5874-01A-11R-1708-07",0.0014547176839149,0.866574796885279,0.0470360977976139,0.013045754500162,0.000404799810189199,0.0714838333228411
"TCGA-DU-6394-01A-11R-1708-07",0.000768951725386199,0.730820380420202,0.149149195334112,0.0256638168483444,0,0.0935976556719554
"TCGA-DU-6410-01A-11R-1896-07",0,0.903450145167215,0.0275624966359444,0.00192825826002338,0,0.0670590999368174
"TCGA-DU-7009-01A-11R-2027-07",0.001913612106227,0.541907661361618,0.389963261631244,0.00914728668310442,0,0.0570681782178068
"TCGA-DU-7018-01A-11R-2027-07",0.000298495472320453,0.841863980516876,0.0199292726646922,0.00991986476029123,0,0.12798838658582
"TCGA-DU-7294-01A-11R-2027-07",0.00130333747915358,0.686230992209694,0.200986322411267,0.0100480433508592,0,0.101431304549026
"TCGA-DU-7300-01A-21R-2090-07",0.0175367483007877,0.452148578692862,0.380032012427594,0.0217867911913889,0.00116012901671382,0.127335740370654
"TCGA-DU-7302-01A-11R-2090-07",0.00282393725593061,0.64879149086551,0.281218749597576,0.018189582309523,0,0.0489762399714608
"TCGA-DU-8164-01A-11R-2256-07",0.000661329773489245,0.810915724041028,0.140218315502231,0.0109555814809658,0,0.0372490492022859
"TCGA-DU-8168-01A-11R-2256-07",0,0.90658706559072,0.056305779764212,0.0139796577902334,0,0.0231274968548348
"TCGA-DU-A6S2-01A-21R-A32Q-07",0.00200977039516239,0.351703208849587,0.522583675342446,0.0194532616085382,0.000567690429566748,0.1036823933747
"TCGA-DU-A6S3-01A-12R-A32Q-07",0.000690794969600094,0.687419245848451,0.198701623600035,0.00752885238813604,0.000286032172694794,0.105373451021083
"TCGA-DU-A6S6-01A-21R-A32Q-07",0.00104039156931626,0.64363719162226,0.275881918024429,0.01534186217735,0,0.0640986366066443
"TCGA-DU-A6S8-01A-12R-A32Q-07",0,0.804620237101614,0.121158399383243,0.0101060664372434,0,0.0641152970779
"TCGA-DU-A76R-01A-11R-A32Q-07",0.0029354617884928,0.49108228543409,0.320949163868667,0.0573832154456582,0,0.127649873463092
"TCGA-DU-A7T6-01A-11R-A33Z-07",0.0114226444317776,0.639946978009172,0.202614356639846,0.0183799695792905,0.0010636870683723,0.126572364271541
"TCGA-E1-5318-01A-01R-1470-07",0.0114245552325354,0.730437432484786,0.0389158589783404,0.0164376525328624,0,0.202784500771475
"TCGA-E1-5319-01A-01R-1896-07",0.001929065141797,0.200900902337611,0.633229988712951,0.0226427585737907,0.000698805192885494,0.140598480040964
"TCGA-E1-A7YO-01A-11R-A34F-07",0,0.615758912128267,0.191364294946805,0.0284312536119904,0,0.164445539312937
"TCGA-EZ-7264-01A-11R-2027-07",0.00123674513251429,0.799651712041372,0.159282393191217,0.0114744637807638,0,0.0283546858541325
"TCGA-F6-A8O3-01A-11R-A36H-07",0.00100737552614251,0.8618231040107,0.0612378121347138,0.00829231376480038,0,0.0676393945636435
"TCGA-FG-7634-01A-11R-2090-07",0.0486327865167163,0.386284950384821,0.399157970907163,0.042766763886995,0.000770141174885848,0.122387387129419
"TCGA-FG-7638-01B-12R-2090-07",0.00625630548055049,0.467945821756081,0.355330227243044,0.0298552954974482,0,0.140612350022877
"TCGA-FG-7641-01B-11R-2256-07",0.000969689294648264,0.445425634820352,0.516614467560997,0.0077299397142848,0,0.0292602686097186
"TCGA-FG-8186-01A-11R-2256-07",0.0504213487105648,0.476488634782359,0.328336384132265,0.0321407144158388,0.000512263932702819,0.11210065402627
"TCGA-FG-8187-01A-11R-2256-07",0.0274035516990728,0.00509799883791182,0.866386173284652,0.0151923447108622,0,0.0859199314675009
"TCGA-FG-A60K-01A-11R-A29R-07",0.0101946880744415,0.612416364416961,0.246565992949053,0.0298306440965919,0,0.100992310462952
"TCGA-FG-A710-01A-12R-A33Z-07",0.0759034289322411,0.572767321122596,0.179420458104955,0.0328561757580642,0.00102992758248864,0.138022688499656
"TCGA-FG-A713-01A-11R-A32Q-07",0.00170391161748357,0.249659726428928,0.669819734189446,0.00533878266381062,0,0.0734778451003322
"TCGA-HT-7480-01A-11R-2090-07",0.0014611317802991,0.638050463063411,0.261301020829299,0.0245576459953723,0,0.0746297383316193
"TCGA-HT-7481-01A-11R-2027-07",0.00143826804276519,0.127036865494246,0.797913110137259,0.00965296482155469,0.000162939969309324,0.0637958515348655
"TCGA-HT-7605-01A-11R-2090-07",0.00266367034642735,0.30878542325439,0.610073042880184,0.0128303081611673,0,0.0656475553578319
"TCGA-HT-7607-01A-11R-2090-07",0.00411438478883238,0.253710004689668,0.641048379026202,0.027111024705346,0.000181964145289001,0.0738342426446628
"TCGA-HT-7616-01A-11R-2256-07",0.054258065827514,0.422737047394555,0.252191865398787,0.0557759504590354,0,0.215037070920109
"TCGA-HT-7620-01A-11R-2256-07",0,0,0.946191598222647,0.00632691600741088,0,0.0474814857699422
"TCGA-HT-7677-01A-11R-2256-07",0.00147956173793048,0.64367514252656,0.290555793016663,0.0086245747519687,0,0.0556649279668772
"TCGA-HT-7681-01A-11R-2403-07",0.0231862884385381,0.451183210051859,0.363478016668042,0.0343828001050852,0.000991909658568917,0.126777775077907
"TCGA-HT-7687-01A-11R-2256-07",0.00201499565156063,0.706506132018529,0.205739622639031,0.0185205279877337,0.000644485048337049,0.0665742366548079
"TCGA-HT-7692-01A-12R-2256-07",0.018260054387262,0.683234355432681,0.163029573925577,0.0204175517051811,0,0.1150584645493
"TCGA-HT-7694-01A-11R-2256-07",0.00158585187237127,0.221507280517738,0.71676518383332,0.0036874552329731,0,0.0564542285435968
"TCGA-HT-7695-01A-11R-2256-07",0.00181300396906367,0.504660478698838,0.433835340454097,0.00750522992497022,0,0.0521859469530308
"TCGA-HT-7856-01A-11R-2403-07",0.00214328771696125,0.206090451098226,0.712541815014839,0.0100411198805428,0,0.0691833262894313
"TCGA-HT-7874-01A-11R-2403-07",0.00130771660537937,0.291761310620684,0.64031060145451,0.00830043139389604,0,0.0583199399255308
"TCGA-HT-7875-01A-11R-2403-07",0.00123249968818567,0.656277058065519,0.2070346942949,0.0414668623685114,0,0.0939888855828843
"TCGA-HT-7877-01A-11R-2403-07",0.00177635974694283,0.40615456520942,0.461315453478431,0.0299430097183652,0.000217893795228608,0.100592718051612
"TCGA-HT-8010-01A-11R-2403-07",0.00284893803117234,0.292396272408532,0.515739920955367,0.0280795150094437,0,0.160935353595485
"TCGA-HT-8105-01A-11R-2404-07",0.0067096958721834,0.607921165424329,0.179342509255086,0.0300651765002494,0.0002964680118885,0.175664984936264
"TCGA-HT-8109-01A-11R-2404-07",0.00330695412260284,0.372619041052006,0.553770217507091,0.0105455502229329,0,0.0597582370953676
"TCGA-HT-A4DV-01A-11R-A26U-07",0.00470351832363927,0.0104087602344909,0.896248877303952,0.00675354710460677,0.000551410922559714,0.0813338861107516
"TCGA-HT-A5R9-01A-11R-A28M-07",0,0.814048119073505,0.0181605433668365,0.019057919539976,0,0.148733418019682
"TCGA-HT-A619-01A-11R-A29R-07",0,0.891545171550501,0.00279104714768824,0.00561602451325773,0.000236956366046004,0.0998108004225067
"TCGA-HT-A74K-01A-11R-A32Q-07",0.0682437587611713,0.440306430157095,0.220726043899673,0.0196473612363745,0.0124480313055894,0.238628374640097
"TCGA-HW-7486-01A-11R-2027-07",0.00967715683105536,0.0134826015193848,0.914922339642033,0.0035415852587567,0,0.0583763167487705
"TCGA-HW-7487-01A-11R-2027-07",0.00205935468692928,0.440429058700913,0.444241775700128,0.00870852998530033,0,0.104561280926729
"TCGA-HW-7491-01A-11R-2027-07",0.000851924727433431,0.78409861516904,0.158048751798633,0.010244355292739,0,0.0467563530121545
"TCGA-HW-7495-01A-11R-2027-07",0.00207032507587824,0.158225710019999,0.758821046584114,0.0136466322699476,0,0.0672362860500611
"TCGA-HW-8322-01A-11R-2404-07",0.00148544614322532,0.769607218658356,0.170359198710792,0.0153755739652135,0.000508692003024401,0.0426638705193889
"TCGA-HW-A5KJ-01A-12R-A27Q-07",0.000178481860466326,0.618992200228111,0.0447529470512669,0.0255943063989632,0.0323935833191783,0.278088481142014
"TCGA-IK-8125-01A-11R-2256-07",0.00869560825289842,0.658686038731937,0.1975013220711,0.0284445401662216,0.000214061701748467,0.106458429076094
"TCGA-P5-A5ET-01A-11R-A27Q-07",0.00142091266617814,0.456831394266192,0.429181565077253,0.028989527627166,0,0.0835766003632105
"TCGA-P5-A5EX-01A-12R-A28M-07",0.147119696734365,0.262651168567047,0.294372344881803,0.0636753312901471,0.0023644985487764,0.229816959977862
"TCGA-P5-A5F0-01A-11R-A28M-07",0.00139832418605772,0.744282998441486,0.204374207679819,0.0124003661041186,0.000281128477478155,0.0372629751110404
"TCGA-P5-A737-01A-11R-A32Q-07",0,0.766826290047134,0.13939347140091,0.010410910914325,0,0.0833693276376308
"TCGA-P5-A77W-01A-11R-A32Q-07",0.00160065008119436,0.767403512225954,0.0586384681717347,0.00580598020541411,0.0031695982600209,0.163381791055682
"TCGA-P5-A77X-01A-11R-A32Q-07",0.00167855268226973,0.597732320339894,0.326917795255561,0.0294588176845334,0,0.0442125140377418
"TCGA-QH-A65R-01A-21R-A31N-07",0.0248909961453085,0.633693024344854,0.0581502865353025,0.0160823580704545,0.00495309232677108,0.262230242577309
"TCGA-QH-A65X-01A-11R-A32Q-07",0.0464927490565376,0.594112187437296,0.00112242533884548,0.0188089857934291,0.0399983910083064,0.299465261365585
"TCGA-QH-A65Z-01A-11R-A29R-07",0.00202371429020047,0.646684319153501,0.282871565547232,0.00906057692433097,0,0.0593598240847357
"TCGA-QH-A6CU-01A-11R-A31N-07",0.0779908719773374,0.0553434744568611,0.687345670357203,0.0191590952666659,0,0.160160887941933
"TCGA-QH-A6CY-01A-11R-A32Q-07",0.00206857264726205,0.340477476632723,0.58107491101262,0.00741665672386876,0,0.0689623829835255
"TCGA-QH-A6CZ-01A-11R-A32Q-07",0.00181977836946609,0.727476384333475,0.209714510089421,0.0152733106745738,0,0.0457160165330644
"TCGA-QH-A6X5-01A-12R-A32Q-07",0.0114980383962367,0.143864504490364,0.711772397296021,0.0142769317375654,0,0.118588128079812
"TCGA-QH-A6X8-01A-12R-A32Q-07",0.00161596113972724,0.508916912282911,0.430994145600019,0.0145538977631025,0.000230948078891099,0.0436881351353495
"TCGA-QH-A86X-01A-11R-A36H-07",0.00231086563804876,0.678675540379571,0.207173496231289,0.037952707701366,0.000342610134342614,0.0735447799153826
"TCGA-R8-A6MK-01A-11R-A32Q-07",0.00851489284554392,0.448086904954879,0.401326237321387,0.0332606097120738,0,0.108811355166117
"TCGA-R8-A6ML-01A-11R-A32Q-07",0,0.611834014214188,0.261399109630973,0.0193740571849923,0,0.107392818969847
"TCGA-R8-A6MO-01A-11R-A33Z-07",0.0195126082347193,0.334764180073732,0.489673649905175,0.0166233143418433,0.000126523891713406,0.139299723552817
"TCGA-RY-A83X-01A-11R-A36H-07",0.00152361544532956,0.451869072567897,0.441312986593471,0.0238974176049441,0,0.0813969077883585
"TCGA-RY-A847-01A-11R-A36H-07",0.0359033910313436,0.538151031819673,0.260064275820774,0.0192190131910382,0,0.146662288137171
"TCGA-S9-A6TW-01A-12R-A32Q-07",0.0240188135381167,0.568292424769263,0.0926438938295262,0.0298273327349554,0.00178935598247994,0.283428179145659
"TCGA-S9-A6U2-01A-21R-A33Z-07",0.00298550638415949,0.67109655691693,0.202459546154341,0.0328571953720531,0,0.0906011951725174
"TCGA-S9-A6UB-01A-21R-A33Z-07",0.00180862234625481,0.683200137894349,0.244674891004126,0.00562510376233463,0,0.0646912449929363
"TCGA-S9-A6WE-01A-12R-A33Z-07",0.0118892037209952,0.677320289826825,0.177577904870391,0.0133432332040806,0,0.119869368377708
"TCGA-S9-A6WL-01A-21R-A33Z-07",0.0105589814570038,0.586506252169003,0.199681983596044,0.0474531532835264,0,0.155799629494423
"TCGA-S9-A6WN-01A-12R-A33Z-07",0.12263589417026,0.215318537312323,0.406217930845408,0.0593392440566381,0.000966821108985478,0.195521572506385
"TCGA-S9-A6WP-01A-12R-A34F-07",0.0424733504390376,0.505794786429973,0.308854490431249,0.0138221847377552,0.000870426728547486,0.128184761233438
"TCGA-S9-A7IQ-01A-21R-A34F-07",0.00241595234799162,0.482341971718649,0.447705625004882,0.00911656846768604,0,0.0584198824607912
"TCGA-S9-A7IY-01A-11R-A34F-07",0.0538721696205554,0.341958178461858,0.408991004975247,0.0298230420082435,0,0.165355604934096
"TCGA-S9-A7J2-01A-11R-A34F-07",0.00237856737884129,0.747692716913774,0.140215754865423,0.0249887196725428,6.39660659423974e-05,0.0846602751034768
"TCGA-S9-A7QY-01A-11R-A34F-07",0.0017048633215101,0.355583479932178,0.557981849171467,0.011106413951577,0,0.0736233936232677
"TCGA-S9-A7QZ-01A-12R-A34R-07",0.000849629419959112,0.718930452953715,0.163746964080065,0.0171084484107379,0,0.099364505135522
"TCGA-S9-A7R1-01A-12R-A34R-07",0.0170774899731572,0.634140556863117,0.105297705717181,0.0298044632032572,0.00272716853907056,0.210952615704217
"TCGA-TM-A84G-01A-11R-A36H-07",0,0.872338321994092,0.0738351348635358,0.013636983262325,0,0.0401895598800469
"TCGA-TM-A84M-01A-11R-A36H-07",0.000282994875169168,0.864809912256865,0.0924510069200908,0.0118410431560654,0,0.0306150427918094
"TCGA-TM-A84R-01A-21R-A36H-07",0.0024295562286583,0.35294705828669,0.568615753847291,0.0165537444335392,0,0.059453887203821
"TCGA-TM-A84S-01A-11R-A36H-07",0.0464432477506018,0.499632467021529,0.315444153286239,0.0295189378611719,0,0.108961194080458
"TCGA-TQ-A7RS-01A-12R-A33Z-07",0.00174786560231998,0.517740374784448,0.342791857231829,0.018238700326459,0,0.119481202054944
"TCGA-VM-A8CB-01A-11R-A36H-07",0.00829316726148491,0.799249118279929,0.065763190484934,0.00871991151677739,0,0.117974612456874
"TCGA-VM-A8CE-01A-11R-A36H-07",0.00534742116250785,0.314567048196994,0.55107176025087,0.0214141109177892,0,0.107599659471839
"TCGA-VV-A829-01A-21R-A36H-07",0.0266548999474785,0.690904490019502,0.127185284770489,0.0255006440184218,0,0.129754681244109
"TCGA-VW-A7QS-01A-12R-A33Z-07",0.00519791356224082,0.634547834581751,0.180105327946148,0.0547855727004501,0,0.12536335120941
"TCGA-W9-A837-01A-11R-A36H-07",0.00260002261152651,0.572015949559316,0.299886845030153,0.0286105001007014,0,0.0968866826983033
